Fighter 0 Round 1 KD,Fighter 1 Round 1 KD,Fighter 0 Round 1 Sig. str.,Fighter 1 Round 1 Sig. str.,Fighter 0 Round 1 Sig. str. %,Fighter 1 Round 1 Sig. str. %,Fighter 0 Round 1 Total str.,Fighter 1 Round 1 Total str.,Fighter 0 Round 1 Td,Fighter 1 Round 1 Td,Fighter 0 Round 1 Td %,Fighter 1 Round 1 Td %,Fighter 0 Round 1 Sub. att,Fighter 1 Round 1 Sub. att,Fighter 0 Round 1 Rev.,Fighter 1 Round 1 Rev.,Fighter 0 Round 1 Ctrl,Fighter 1 Round 1 Ctrl,Fighter 0 Name,Fighter 1 Name,Fighter 0 Round 2 KD,Fighter 1 Round 2 KD,Fighter 0 Round 2 Sig. str.,Fighter 1 Round 2 Sig. str.,Fighter 0 Round 2 Sig. str. %,Fighter 1 Round 2 Sig. str. %,Fighter 0 Round 2 Total str.,Fighter 1 Round 2 Total str.,Fighter 0 Round 2 Td,Fighter 1 Round 2 Td,Fighter 0 Round 2 Td %,Fighter 1 Round 2 Td %,Fighter 0 Round 2 Sub. att,Fighter 1 Round 2 Sub. att,Fighter 0 Round 2 Rev.,Fighter 1 Round 2 Rev.,Fighter 0 Round 2 Ctrl,Fighter 1 Round 2 Ctrl,Fighter 0 Round 3 KD,Fighter 1 Round 3 KD,Fighter 0 Round 3 Sig. str.,Fighter 1 Round 3 Sig. str.,Fighter 0 Round 3 Sig. str. %,Fighter 1 Round 3 Sig. str. %,Fighter 0 Round 3 Total str.,Fighter 1 Round 3 Total str.,Fighter 0 Round 3 Td,Fighter 1 Round 3 Td,Fighter 0 Round 3 Td %,Fighter 1 Round 3 Td %,Fighter 0 Round 3 Sub. att,Fighter 1 Round 3 Sub. att,Fighter 0 Round 3 Rev.,Fighter 1 Round 3 Rev.,Fighter 0 Round 3 Ctrl,Fighter 1 Round 3 Ctrl,Fighter 0 Round 1 Sig. str,Fighter 1 Round 1 Sig. str,Fighter 0 Round 1 Head,Fighter 1 Round 1 Head,Fighter 0 Round 1 Body,Fighter 1 Round 1 Body,Fighter 0 Round 1 Leg,Fighter 1 Round 1 Leg,Fighter 0 Round 1 Distance,Fighter 1 Round 1 Distance,Fighter 0 Round 1 Clinch,Fighter 1 Round 1 Clinch,Fighter 0 Round 1 Ground,Fighter 1 Round 1 Ground,Fighter 0 Round 2 Sig. str,Fighter 1 Round 2 Sig. str,Fighter 0 Round 2 Head,Fighter 1 Round 2 Head,Fighter 0 Round 2 Body,Fighter 1 Round 2 Body,Fighter 0 Round 2 Leg,Fighter 1 Round 2 Leg,Fighter 0 Round 2 Distance,Fighter 1 Round 2 Distance,Fighter 0 Round 2 Clinch,Fighter 1 Round 2 Clinch,Fighter 0 Round 2 Ground,Fighter 1 Round 2 Ground,Fighter 0 Round 3 Sig. str,Fighter 1 Round 3 Sig. str,Fighter 0 Round 3 Head,Fighter 1 Round 3 Head,Fighter 0 Round 3 Body,Fighter 1 Round 3 Body,Fighter 0 Round 3 Leg,Fighter 1 Round 3 Leg,Fighter 0 Round 3 Distance,Fighter 1 Round 3 Distance,Fighter 0 Round 3 Clinch,Fighter 1 Round 3 Clinch,Fighter 0 Round 3 Ground,Fighter 1 Round 3 Ground,Winner,Method,Fighter 0 Round 4 KD,Fighter 1 Round 4 KD,Fighter 0 Round 4 Sig. str.,Fighter 1 Round 4 Sig. str.,Fighter 0 Round 4 Sig. str. %,Fighter 1 Round 4 Sig. str. %,Fighter 0 Round 4 Total str.,Fighter 1 Round 4 Total str.,Fighter 0 Round 4 Td,Fighter 1 Round 4 Td,Fighter 0 Round 4 Td %,Fighter 1 Round 4 Td %,Fighter 0 Round 4 Sub. att,Fighter 1 Round 4 Sub. att,Fighter 0 Round 4 Rev.,Fighter 1 Round 4 Rev.,Fighter 0 Round 4 Ctrl,Fighter 1 Round 4 Ctrl,Fighter 0 Round 5 KD,Fighter 1 Round 5 KD,Fighter 0 Round 5 Sig. str.,Fighter 1 Round 5 Sig. str.,Fighter 0 Round 5 Sig. str. %,Fighter 1 Round 5 Sig. str. %,Fighter 0 Round 5 Total str.,Fighter 1 Round 5 Total str.,Fighter 0 Round 5 Td,Fighter 1 Round 5 Td,Fighter 0 Round 5 Td %,Fighter 1 Round 5 Td %,Fighter 0 Round 5 Sub. att,Fighter 1 Round 5 Sub. att,Fighter 0 Round 5 Rev.,Fighter 1 Round 5 Rev.,Fighter 0 Round 5 Ctrl,Fighter 1 Round 5 Ctrl,Fighter 0 Round 4 Sig. str,Fighter 1 Round 4 Sig. str,Fighter 0 Round 4 Head,Fighter 1 Round 4 Head,Fighter 0 Round 4 Body,Fighter 1 Round 4 Body,Fighter 0 Round 4 Leg,Fighter 1 Round 4 Leg,Fighter 0 Round 4 Distance,Fighter 1 Round 4 Distance,Fighter 0 Round 4 Clinch,Fighter 1 Round 4 Clinch,Fighter 0 Round 4 Ground,Fighter 1 Round 4 Ground,Fighter 0 Round 5 Sig. str,Fighter 1 Round 5 Sig. str,Fighter 0 Round 5 Head,Fighter 1 Round 5 Head,Fighter 0 Round 5 Body,Fighter 1 Round 5 Body,Fighter 0 Round 5 Leg,Fighter 1 Round 5 Leg,Fighter 0 Round 5 Distance,Fighter 1 Round 5 Distance,Fighter 0 Round 5 Clinch,Fighter 1 Round 5 Clinch,Fighter 0 Round 5 Ground,Fighter 1 Round 5 Ground,Fighter 0 Round 1 SC 1,Fighter 0 Round 1 SC 2,Fighter 0 Round 1 SC 3,Fighter 0 Round 2 SC 1,Fighter 0 Round 2 SC 2,Fighter 0 Round 2 SC 3,Fighter 0 Round 3 SC 1,Fighter 0 Round 3 SC 2,Fighter 0 Round 3 SC 3,Fighter 0 Round 4 SC 1,Fighter 0 Round 4 SC 2,Fighter 0 Round 4 SC 3,Fighter 0 Round 5 SC 1,Fighter 0 Round 5 SC 2,Fighter 0 Round 5 SC 3,Fighter 0 SC 1 Total,Fighter 0 SC 2 Total,Fighter 0 SC 3 Total,Fighter 1 Round 1 SC 1,Fighter 1 Round 1 SC 2,Fighter 1 Round 1 SC 3,Fighter 1 Round 2 SC 1,Fighter 1 Round 2 SC 2,Fighter 1 Round 2 SC 3,Fighter 1 Round 3 SC 1,Fighter 1 Round 3 SC 2,Fighter 1 Round 3 SC 3,Fighter 1 Round 4 SC 1,Fighter 1 Round 4 SC 2,Fighter 1 Round 4 SC 3,Fighter 1 Round 5 SC 1,Fighter 1 Round 5 SC 2,Fighter 1 Round 5 SC 3,Fighter 1 SC 1 Total,Fighter 1 SC 2 Total,Fighter 1 SC 3 Total
0,1,22,28,68.0,56.0,36,42,0,0,0.0,0.0,0,0,0,0,97,64,Brandon Moreno,Alexandre Pantoja,0.0,0.0,41.0,33.0,53.0,44.0,41.0,36.0,2.0,0.0,100.0,,0.0,0.0,0.0,0.0,83.0,0.0,0.0,0.0,26.0,23.0,55.0,47.0,29.0,25.0,0.0,2.0,,66.0,0.0,0.0,2.0,0.0,37.0,121.0,22,28,20,23,2,4,0,1,20,19,2,4,0,5,41.0,33.0,37.0,27.0,4.0,6.0,0.0,0.0,38.0,31.0,1.0,1.0,2.0,1.0,26.0,23.0,24.0,14.0,1.0,8.0,1.0,1.0,22.0,15.0,0.0,2.0,4.0,6.0,1,S-DEC,0.0,0.0,31.0,20.0,64.0,40.0,34.0,23.0,0.0,3.0,,75.0,0.0,0.0,1.0,0.0,24.0,184.0,0.0,0.0,27.0,25.0,65.0,48.0,27.0,35.0,0.0,1.0,,100.0,0.0,0.0,0.0,0.0,0.0,137.0,31.0,20.0,27.0,18.0,4.0,1.0,0.0,1.0,23.0,15.0,7.0,5.0,1.0,0.0,27.0,25.0,25.0,24.0,2.0,1.0,0.0,0.0,25.0,24.0,2.0,1.0,0.0,0.0,9,9,9,10,10,10,10,9,9,10,10,10,10,9,9,49,47,47,10,10,10,9,9,9,9,10,10,9,9,9,9,10,10,46,48,48
0,0,34,38,49.0,70.0,34,39,0,0,,0.0,0,0,0,0,0,0,Jalin Turner,Dan Hooker,0.0,0.0,34.0,44.0,56.0,54.0,34.0,48.0,0.0,0.0,0.0,,0.0,1.0,0.0,0.0,0.0,16.0,0.0,1.0,32.0,43.0,66.0,69.0,45.0,85.0,1.0,0.0,50.0,0.0,0.0,0.0,0.0,0.0,18.0,173.0,34,38,16,16,13,8,5,14,30,35,4,3,0,0,34.0,44.0,23.0,27.0,9.0,9.0,2.0,8.0,25.0,38.0,9.0,6.0,0.0,0.0,32.0,43.0,24.0,34.0,8.0,8.0,0.0,1.0,23.0,27.0,5.0,10.0,4.0,6.0,1,S-DEC,,,,,,,,,,,,,,,,,,,,,,,,,,,,,,,,,,,,,,,,,,,,,,,,,,,,,,,,,,,,,,,,,10,10,10,9,9,9,10,9,9,,,,,,,29,28,28,9,9,9,10,10,10,9,10,10,,,,,,,28,29,29
0,1,27,6,90.0,60.0,36,6,0,0,,,0,1,1,0,163,11,Tatsuro Taira,Edgar Chairez,0.0,0.0,17.0,4.0,65.0,57.0,57.0,5.0,1.0,0.0,100.0,,1.0,0.0,0.0,0.0,250.0,14.0,0.0,0.0,17.0,15.0,77.0,71.0,28.0,15.0,1.0,0.0,50.0,,0.0,1.0,0.0,1.0,180.0,0.0,27,6,18,2,0,1,9,3,11,6,0,0,16,0,17.0,4.0,16.0,3.0,0.0,0.0,1.0,1.0,1.0,4.0,0.0,0.0,16.0,0.0,17.0,15.0,6.0,10.0,2.0,4.0,9.0,1.0,14.0,15.0,0.0,0.0,3.0,0.0,0,U-DEC,,,,,,,,,,,,,,,,,,,,,,,,,,,,,,,,,,,,,,,,,,,,,,,,,,,,,,,,,,,,,,,,,10,10,10,10,10,10,9,9,9,,,,,,,29,29,29,9,9,9,8,8,8,10,10,10,,,,,,,27,27,27
0,0,2,1,100.0,50.0,29,3,1,0,100.0,,1,0,0,0,277,0,Kamuela Kirk,Esteban Ribovics,0.0,0.0,35.0,65.0,52.0,55.0,36.0,71.0,0.0,1.0,0.0,100.0,0.0,0.0,0.0,0.0,0.0,46.0,0.0,0.0,19.0,49.0,50.0,59.0,21.0,61.0,2.0,1.0,22.0,100.0,0.0,0.0,0.0,0.0,103.0,29.0,2,1,2,0,0,0,0,1,2,1,0,0,0,0,35.0,65.0,20.0,58.0,9.0,6.0,6.0,1.0,31.0,55.0,4.0,4.0,0.0,6.0,19.0,49.0,14.0,36.0,3.0,11.0,2.0,2.0,18.0,36.0,1.0,6.0,0.0,7.0,1,U-DEC,,,,,,,,,,,,,,,,,,,,,,,,,,,,,,,,,,,,,,,,,,,,,,,,,,,,,,,,,,,,,,,,,10,10,10,9,9,9,9,9,9,,,,,,,28,28,28,9,9,9,10,10,10,10,10,10,,,,,,,29,29,29
0,0,2,23,33.0,65.0,4,44,0,1,,50.0,0,0,0,0,5,235,Damir Ismagulov,Grant Dawson,0.0,0.0,10.0,5.0,55.0,27.0,14.0,22.0,0.0,1.0,,100.0,0.0,1.0,0.0,0.0,0.0,237.0,0.0,0.0,1.0,2.0,25.0,50.0,17.0,18.0,0.0,1.0,,50.0,0.0,0.0,1.0,0.0,3.0,272.0,2,23,1,21,1,1,0,1,2,4,0,1,0,18,10.0,5.0,5.0,5.0,5.0,0.0,0.0,0.0,10.0,3.0,0.0,0.0,0.0,2.0,1.0,2.0,0.0,2.0,0.0,0.0,1.0,0.0,1.0,2.0,0.0,0.0,0.0,0.0,1,U-DEC,,,,,,,,,,,,,,,,,,,,,,,,,,,,,,,,,,,,,,,,,,,,,,,,,,,,,,,,,,,,,,,,,8,9,9,9,9,9,9,9,9,,,,,,,26,27,27,10,10,10,10,10,10,10,10,10,,,,,,,30,30,30
0,0,11,15,42.0,37.0,13,15,0,0,0.0,,0,0,0,0,74,5,Max Griffin,Michael Morales,0.0,0.0,15.0,31.0,39.0,44.0,15.0,31.0,0.0,0.0,0.0,,0.0,0.0,0.0,0.0,5.0,2.0,0.0,0.0,10.0,26.0,26.0,48.0,11.0,27.0,0.0,1.0,0.0,100.0,0.0,0.0,0.0,0.0,51.0,20.0,11,15,8,9,1,3,2,3,11,13,0,2,0,0,15.0,31.0,10.0,30.0,3.0,1.0,2.0,0.0,14.0,29.0,1.0,2.0,0.0,0.0,10.0,26.0,10.0,20.0,0.0,1.0,0.0,5.0,10.0,26.0,0.0,0.0,0.0,0.0,1,U-DEC,,,,,,,,,,,,,,,,,,,,,,,,,,,,,,,,,,,,,,,,,,,,,,,,,,,,,,,,,,,,,,,,,10,10,10,9,9,9,9,9,9,,,,,,,28,28,28,9,9,9,10,10,10,10,10,10,,,,,,,29,29,29
0,0,16,28,32.0,52.0,18,28,0,0,,0.0,0,0,0,0,0,17,Ariane Lipski,Melissa Gatto,0.0,0.0,26.0,33.0,56.0,50.0,39.0,45.0,1.0,0.0,100.0,0.0,0.0,0.0,0.0,0.0,12.0,136.0,0.0,0.0,24.0,24.0,44.0,35.0,24.0,27.0,0.0,0.0,,0.0,0.0,0.0,0.0,0.0,35.0,24.0,16,28,3,13,9,10,4,5,14,25,2,3,0,0,26.0,33.0,10.0,11.0,12.0,17.0,4.0,5.0,18.0,23.0,8.0,10.0,0.0,0.0,24.0,24.0,15.0,15.0,6.0,7.0,3.0,2.0,21.0,22.0,2.0,2.0,1.0,0.0,0,S-DEC,,,,,,,,,,,,,,,,,,,,,,,,,,,,,,,,,,,,,,,,,,,,,,,,,,,,,,,,,,,,,,,,,9,10,9,9,10,10,10,10,10,,,,,,,28,30,29,10,9,10,10,9,9,9,9,9,,,,,,,29,27,28
0,0,33,12,61.0,46.0,68,35,0,0,,,0,0,0,0,139,8,Yana Santos,Karol Rosa,0.0,0.0,29.0,20.0,65.0,45.0,48.0,42.0,0.0,0.0,,,0.0,0.0,0.0,0.0,94.0,8.0,0.0,0.0,33.0,34.0,56.0,56.0,35.0,40.0,0.0,1.0,,100.0,0.0,0.0,0.0,0.0,0.0,25.0,33,12,11,7,17,4,5,1,14,8,19,4,0,0,29.0,20.0,5.0,14.0,13.0,5.0,11.0,1.0,18.0,16.0,11.0,4.0,0.0,0.0,33.0,34.0,4.0,17.0,12.0,9.0,17.0,8.0,31.0,24.0,2.0,4.0,0.0,6.0,1,S-DEC,,,,,,,,,,,,,,,,,,,,,,,,,,,,,,,,,,,,,,,,,,,,,,,,,,,,,,,,,,,,,,,,,10,10,10,10,9,9,9,9,9,,,,,,,29,28,28,9,9,9,9,10,10,10,10,10,,,,,,,28,29,29
0,0,3,10,20.0,45.0,18,31,0,0,0.0,,0,0,1,0,82,128,Ivana Petrovic,Luana Carolina,0.0,0.0,13.0,16.0,40.0,42.0,28.0,47.0,1.0,0.0,50.0,0.0,0.0,0.0,0.0,0.0,118.0,84.0,0.0,0.0,6.0,15.0,40.0,55.0,31.0,34.0,1.0,1.0,33.0,50.0,2.0,0.0,0.0,0.0,51.0,133.0,3,10,3,3,0,0,0,7,3,6,0,0,0,4,13.0,16.0,9.0,6.0,4.0,7.0,0.0,3.0,7.0,11.0,4.0,5.0,2.0,0.0,6.0,15.0,3.0,9.0,1.0,4.0,2.0,2.0,6.0,10.0,0.0,2.0,0.0,3.0,1,U-DEC,,,,,,,,,,,,,,,,,,,,,,,,,,,,,,,,,,,,,,,,,,,,,,,,,,,,,,,,,,,,,,,,,9,9,9,9,9,10,10,10,9,,,,,,,28,28,28,10,10,10,10,10,9,9,9,10,,,,,,,29,29,29
0,0,17,13,54.0,44.0,17,13,0,0,0.0,,0,0,0,0,7,0,Alexandr Romanov,Blagoy Ivanov,0.0,0.0,22.0,9.0,53.0,32.0,38.0,9.0,1.0,0.0,100.0,,0.0,0.0,0.0,0.0,103.0,0.0,0.0,0.0,46.0,22.0,56.0,43.0,49.0,22.0,1.0,0.0,100.0,,0.0,0.0,0.0,0.0,63.0,0.0,17,13,5,11,5,1,7,1,16,13,1,0,0,0,22.0,9.0,12.0,7.0,2.0,2.0,8.0,0.0,18.0,9.0,1.0,0.0,3.0,0.0,46.0,22.0,35.0,20.0,4.0,2.0,7.0,0.0,40.0,22.0,2.0,0.0,4.0,0.0,0,U-DEC,,,,,,,,,,,,,,,,,,,,,,,,,,,,,,,,,,,,,,,,,,,,,,,,,,,,,,,,,,,,,,,,,10,10,10,10,10,10,10,10,10,,,,,,,30,30,30,9,9,9,9,9,9,9,9,9,,,,,,,27,27,27
0,0,14,21,20.0,37.0,14,21,0,0,,,0,0,0,0,0,0,Josh Emmett,Ilia Topuria,0.0,0.0,19.0,30.0,27.0,40.0,19.0,30.0,0.0,0.0,,,0.0,0.0,0.0,0.0,0.0,4.0,0.0,0.0,31.0,37.0,38.0,40.0,31.0,37.0,0.0,0.0,,,0.0,0.0,0.0,0.0,0.0,0.0,14,21,8,14,4,4,2,3,14,21,0,0,0,0,19.0,30.0,8.0,25.0,6.0,0.0,5.0,5.0,19.0,25.0,0.0,0.0,0.0,5.0,31.0,37.0,16.0,30.0,7.0,3.0,8.0,4.0,31.0,37.0,0.0,0.0,0.0,0.0,1,U-DEC,0.0,1.0,13.0,56.0,25.0,56.0,15.0,62.0,0.0,0.0,,,0.0,0.0,0.0,0.0,0.0,58.0,0.0,0.0,10.0,8.0,27.0,36.0,10.0,21.0,0.0,3.0,,100.0,0.0,0.0,0.0,0.0,0.0,153.0,13.0,56.0,6.0,50.0,6.0,2.0,1.0,4.0,13.0,26.0,0.0,2.0,0.0,28.0,10.0,8.0,5.0,5.0,3.0,0.0,2.0,3.0,10.0,5.0,0.0,0.0,0.0,3.0,10,9,9,9,9,9,9,9,8,8,8,7,9,9,9,45,44,42,9,10,10,10,10,10,10,10,10,10,10,10,10,10,10,49,50,50
0,0,5,11,33.0,57.0,37,16,0,0,0.0,,0,0,0,0,119,101,Neil Magny,Phil Rowe,0.0,0.0,7.0,6.0,43.0,50.0,29.0,10.0,0.0,1.0,,50.0,0.0,0.0,0.0,0.0,116.0,123.0,0.0,0.0,17.0,17.0,50.0,51.0,43.0,25.0,0.0,0.0,0.0,,0.0,0.0,0.0,0.0,36.0,54.0,5,11,5,6,0,1,0,4,3,10,2,1,0,0,7.0,6.0,4.0,3.0,3.0,1.0,0.0,2.0,3.0,6.0,4.0,0.0,0.0,0.0,17.0,17.0,14.0,8.0,2.0,1.0,1.0,8.0,11.0,16.0,6.0,1.0,0.0,0.0,0,S-DEC,,,,,,,,,,,,,,,,,,,,,,,,,,,,,,,,,,,,,,,,,,,,,,,,,,,,,,,,,,,,,,,,,9,9,10,10,9,10,10,10,9,,,,,,,29,28,29,10,10,9,9,10,9,9,9,10,,,,,,,28,29,28
0,0,31,25,44.0,48.0,31,26,1,0,100.0,,0,0,0,0,17,5,Randy Brown,Wellington Turman,0.0,0.0,15.0,12.0,50.0,66.0,28.0,42.0,1.0,0.0,100.0,0.0,0.0,0.0,0.0,0.0,141.0,77.0,0.0,0.0,18.0,18.0,51.0,51.0,19.0,28.0,0.0,0.0,,0.0,0.0,0.0,0.0,0.0,9.0,103.0,31,25,10,5,7,2,14,18,31,24,0,1,0,0,15.0,12.0,3.0,4.0,3.0,4.0,9.0,4.0,5.0,7.0,10.0,5.0,0.0,0.0,18.0,18.0,8.0,10.0,7.0,4.0,3.0,4.0,17.0,12.0,1.0,6.0,0.0,0.0,0,U-DEC,,,,,,,,,,,,,,,,,,,,,,,,,,,,,,,,,,,,,,,,,,,,,,,,,,,,,,,,,,,,,,,,,10,10,10,10,10,10,9,9,9,,,,,,,29,29,29,9,9,9,9,9,9,10,10,10,,,,,,,28,28,28
0,0,29,12,36.0,25.0,30,14,2,0,66.0,0.0,0,0,0,0,30,1,Tabatha Ricci,Gillian Robertson,0.0,0.0,31.0,36.0,27.0,41.0,31.0,36.0,1.0,0.0,33.0,,0.0,0.0,0.0,0.0,8.0,0.0,0.0,0.0,40.0,28.0,33.0,32.0,40.0,28.0,0.0,1.0,0.0,33.0,0.0,0.0,0.0,0.0,0.0,25.0,29,12,17,4,2,4,10,4,27,12,0,0,2,0,31.0,36.0,16.0,14.0,8.0,9.0,7.0,13.0,31.0,35.0,0.0,1.0,0.0,0.0,40.0,28.0,26.0,13.0,7.0,11.0,7.0,4.0,37.0,27.0,3.0,1.0,0.0,0.0,0,U-DEC,,,,,,,,,,,,,,,,,,,,,,,,,,,,,,,,,,,,,,,,,,,,,,,,,,,,,,,,,,,,,,,,,10,10,9,9,10,10,10,10,10,,,,,,,29,30,29,9,9,10,10,9,9,9,9,9,,,,,,,28,27,28
0,0,26,25,33.0,52.0,27,36,1,0,25.0,,0,0,0,0,70,0,Zhalgas Zhumagulov,Joshua Van,0.0,0.0,38.0,51.0,40.0,51.0,38.0,51.0,0.0,0.0,0.0,,0.0,0.0,0.0,0.0,0.0,1.0,0.0,0.0,39.0,44.0,33.0,51.0,39.0,44.0,0.0,0.0,,0.0,0.0,0.0,0.0,0.0,0.0,0.0,26,25,10,11,10,11,6,3,25,23,1,2,0,0,38.0,51.0,23.0,36.0,7.0,10.0,8.0,5.0,38.0,40.0,0.0,11.0,0.0,0.0,39.0,44.0,12.0,31.0,11.0,8.0,16.0,5.0,38.0,43.0,1.0,1.0,0.0,0.0,1,S-DEC,,,,,,,,,,,,,,,,,,,,,,,,,,,,,,,,,,,,,,,,,,,,,,,,,,,,,,,,,,,,,,,,,10,10,10,9,9,9,9,9,10,,,,,,,28,28,29,9,9,9,10,10,10,10,10,9,,,,,,,29,29,28
0,0,24,26,40.0,50.0,29,45,0,3,,75.0,0,1,0,0,20,109,Trevor Peek,Chepe Mariscal,0.0,0.0,13.0,12.0,59.0,70.0,16.0,44.0,0.0,1.0,,25.0,0.0,0.0,1.0,1.0,52.0,153.0,0.0,0.0,14.0,33.0,31.0,67.0,20.0,56.0,0.0,0.0,,0.0,0.0,0.0,0.0,0.0,11.0,67.0,24,26,14,18,8,4,2,4,19,12,5,7,0,7,13.0,12.0,6.0,6.0,7.0,4.0,0.0,2.0,6.0,4.0,7.0,5.0,0.0,3.0,14.0,33.0,5.0,27.0,8.0,3.0,1.0,3.0,14.0,25.0,0.0,8.0,0.0,0.0,1,U-DEC,,,,,,,,,,,,,,,,,,,,,,,,,,,,,,,,,,,,,,,,,,,,,,,,,,,,,,,,,,,,,,,,,9,9,9,9,9,9,9,9,9,,,,,,,27,27,27,10,10,10,10,10,10,10,10,10,,,,,,,30,30,30
0,0,21,20,30.0,50.0,21,20,0,0,0.0,,0,0,0,0,0,0,Jamall Emmers,Jack Jenkins,0.0,0.0,28.0,31.0,39.0,50.0,29.0,31.0,0.0,1.0,,100.0,0.0,0.0,1.0,0.0,8.0,10.0,0.0,0.0,8.0,8.0,53.0,44.0,26.0,34.0,1.0,0.0,20.0,,0.0,0.0,1.0,0.0,249.0,5.0,21,20,6,8,10,7,5,5,20,19,1,1,0,0,28.0,31.0,13.0,12.0,7.0,6.0,8.0,13.0,27.0,31.0,0.0,0.0,1.0,0.0,8.0,8.0,7.0,6.0,1.0,1.0,0.0,1.0,4.0,3.0,0.0,0.0,4.0,5.0,1,S-DEC,,,,,,,,,,,,,,,,,,,,,,,,,,,,,,,,,,,,,,,,,,,,,,,,,,,,,,,,,,,,,,,,,9,9,10,9,9,10,10,10,10,,,,,,,28,28,30,10,10,9,10,10,9,9,9,9,,,,,,,29,29,27
0,0,1,11,100.0,78.0,13,41,1,0,100.0,,0,0,1,2,19,274,Cody Brundage,Sedriques Dumas,0.0,0.0,0.0,4.0,0.0,100.0,4.0,14.0,0.0,0.0,0.0,,0.0,0.0,0.0,0.0,0.0,221.0,0.0,0.0,2.0,2.0,66.0,50.0,14.0,22.0,1.0,0.0,50.0,,1.0,0.0,0.0,0.0,94.0,173.0,1,11,0,10,0,1,1,0,1,0,0,0,0,11,0.0,4.0,0.0,2.0,0.0,0.0,0.0,2.0,0.0,2.0,0.0,0.0,0.0,2.0,2.0,2.0,2.0,1.0,0.0,1.0,0.0,0.0,2.0,1.0,0.0,1.0,0.0,0.0,1,U-DEC,,,,,,,,,,,,,,,,,,,,,,,,,,,,,,,,,,,,,,,,,,,,,,,,,,,,,,,,,,,,,,,,,9,9,9,9,9,9,9,10,9,,,,,,,27,28,27,10,10,10,10,10,10,10,9,10,,,,,,,30,29,30
0,0,38,29,53.0,43.0,38,29,0,0,,,0,0,0,0,0,0,Marvin Vettori,Jared Cannonier,0.0,0.0,24.0,82.0,48.0,65.0,24.0,94.0,0.0,0.0,,,0.0,0.0,0.0,0.0,0.0,46.0,0.0,0.0,31.0,49.0,62.0,60.0,31.0,52.0,1.0,1.0,100.0,50.0,0.0,0.0,0.0,0.0,23.0,43.0,38,29,31,14,3,8,4,7,37,28,1,1,0,0,24.0,82.0,21.0,62.0,2.0,15.0,1.0,5.0,22.0,58.0,2.0,12.0,0.0,12.0,31.0,49.0,23.0,36.0,3.0,8.0,5.0,5.0,30.0,41.0,1.0,7.0,0.0,1.0,1,U-DEC,0.0,0.0,37.0,32.0,48.0,56.0,37.0,32.0,0.0,1.0,,50.0,0.0,0.0,0.0,0.0,0.0,34.0,0.0,0.0,23.0,49.0,42.0,59.0,24.0,50.0,0.0,2.0,,100.0,0.0,0.0,0.0,0.0,5.0,64.0,37.0,32.0,26.0,22.0,4.0,3.0,7.0,7.0,37.0,32.0,0.0,0.0,0.0,0.0,23.0,49.0,16.0,39.0,3.0,5.0,4.0,5.0,22.0,36.0,1.0,6.0,0.0,7.0,10,10,10,8,8,8,9,9,9,9,9,10,9,9,9,45,45,46,9,9,9,10,10,10,10,10,10,10,10,9,10,10,10,49,49,48
0,0,37,27,56.0,52.0,37,27,0,0,0.0,,0,0,0,0,0,0,Armen Petrosyan,Christian Leroy Duncan,0.0,0.0,36.0,20.0,58.0,46.0,46.0,25.0,0.0,0.0,,0.0,0.0,0.0,0.0,0.0,64.0,41.0,0.0,0.0,16.0,12.0,57.0,42.0,28.0,21.0,1.0,0.0,100.0,,0.0,0.0,0.0,0.0,137.0,28.0,37,27,10,10,6,6,21,11,36,27,1,0,0,0,36.0,20.0,19.0,6.0,8.0,2.0,9.0,12.0,26.0,20.0,9.0,0.0,1.0,0.0,16.0,12.0,8.0,7.0,1.0,0.0,7.0,5.0,15.0,11.0,0.0,0.0,1.0,1.0,0,U-DEC,,,,,,,,,,,,,,,,,,,,,,,,,,,,,,,,,,,,,,,,,,,,,,,,,,,,,,,,,,,,,,,,,10,10,10,10,10,10,9,9,10,,,,,,,29,29,30,9,9,9,9,9,9,10,10,9,,,,,,,28,28,27
0,0,21,27,47.0,60.0,22,27,0,1,,100.0,0,0,0,0,7,18,Nicolas Dalby,Muslim Salikhov,0.0,0.0,17.0,10.0,62.0,71.0,24.0,18.0,1.0,1.0,33.0,100.0,0.0,0.0,0.0,0.0,201.0,27.0,0.0,0.0,48.0,20.0,69.0,68.0,58.0,25.0,1.0,0.0,50.0,,0.0,0.0,0.0,0.0,188.0,10.0,21,27,7,14,6,11,8,2,17,27,4,0,0,0,17.0,10.0,9.0,5.0,7.0,5.0,1.0,0.0,6.0,8.0,8.0,2.0,3.0,0.0,48.0,20.0,25.0,15.0,23.0,5.0,0.0,0.0,20.0,12.0,24.0,8.0,4.0,0.0,0,U-DEC,,,,,,,,,,,,,,,,,,,,,,,,,,,,,,,,,,,,,,,,,,,,,,,,,,,,,,,,,,,,,,,,,9,10,10,10,10,10,10,10,10,,,,,,,29,30,30,10,9,9,9,9,9,9,9,9,,,,,,,28,27,27
0,0,35,22,49.0,45.0,36,22,0,0,0.0,0.0,0,0,0,0,9,9,Carlos Hernandez,Denys Bondar,0.0,0.0,27.0,33.0,32.0,54.0,31.0,34.0,0.0,1.0,0.0,50.0,0.0,0.0,0.0,0.0,8.0,14.0,0.0,0.0,40.0,21.0,50.0,34.0,41.0,26.0,2.0,1.0,66.0,50.0,0.0,0.0,0.0,0.0,23.0,6.0,35,22,28,6,6,12,1,4,29,17,6,5,0,0,27.0,33.0,23.0,20.0,4.0,11.0,0.0,2.0,22.0,30.0,5.0,2.0,0.0,1.0,40.0,21.0,36.0,11.0,2.0,6.0,2.0,4.0,27.0,21.0,6.0,0.0,7.0,0.0,0,U-DEC,,,,,,,,,,,,,,,,,,,,,,,,,,,,,,,,,,,,,,,,,,,,,,,,,,,,,,,,,,,,,,,,,10,9,10,10,10,10,10,10,10,,,,,,,30,29,30,9,10,9,9,9,9,9,9,9,,,,,,,27,28,27
0,0,13,6,37.0,46.0,56,9,1,0,50.0,,0,0,0,0,182,0,Tereza Bleda,Gabriella Fernandes,0.0,0.0,14.0,2.0,66.0,50.0,38.0,16.0,1.0,0.0,25.0,,0.0,0.0,0.0,0.0,269.0,10.0,0.0,0.0,30.0,15.0,69.0,50.0,87.0,22.0,1.0,0.0,25.0,,0.0,0.0,0.0,0.0,200.0,0.0,13,6,5,1,3,2,5,3,7,6,2,0,4,0,14.0,2.0,9.0,0.0,5.0,0.0,0.0,2.0,0.0,2.0,5.0,0.0,9.0,0.0,30.0,15.0,24.0,10.0,4.0,3.0,2.0,2.0,10.0,14.0,0.0,1.0,20.0,0.0,0,U-DEC,,,,,,,,,,,,,,,,,,,,,,,,,,,,,,,,,,,,,,,,,,,,,,,,,,,,,,,,,,,,,,,,,10,10,10,10,10,10,10,10,10,,,,,,,30,30,30,9,9,9,9,9,9,9,9,9,,,,,,,27,27,27
0,0,15,13,51.0,44.0,20,14,1,0,33.0,,0,0,0,0,124,0,Zac Pauga,Modestas Bukauskas,0.0,0.0,27.0,23.0,56.0,57.0,27.0,23.0,0.0,0.0,0.0,,0.0,0.0,0.0,0.0,10.0,1.0,0.0,0.0,25.0,20.0,62.0,46.0,25.0,25.0,0.0,0.0,0.0,,0.0,0.0,0.0,0.0,3.0,79.0,15,13,11,9,2,2,2,2,11,12,2,0,2,1,27.0,23.0,14.0,18.0,10.0,3.0,3.0,2.0,26.0,21.0,1.0,2.0,0.0,0.0,25.0,20.0,10.0,15.0,13.0,5.0,2.0,0.0,21.0,17.0,4.0,3.0,0.0,0.0,1,U-DEC,,,,,,,,,,,,,,,,,,,,,,,,,,,,,,,,,,,,,,,,,,,,,,,,,,,,,,,,,,,,,,,,,9,9,9,10,10,9,9,9,9,,,,,,,28,28,27,10,10,10,9,9,10,10,10,10,,,,,,,29,29,30
0,0,21,8,37.0,25.0,21,8,0,0,0.0,,0,0,0,0,1,0,Amanda Nunes,Irene Aldana,0.0,0.0,31.0,11.0,50.0,28.0,31.0,11.0,1.0,0.0,50.0,,0.0,0.0,0.0,0.0,5.0,0.0,0.0,0.0,23.0,8.0,48.0,36.0,25.0,8.0,3.0,0.0,75.0,,0.0,0.0,0.0,0.0,125.0,3.0,21,8,9,5,9,0,3,3,21,8,0,0,0,0,31.0,11.0,16.0,4.0,7.0,0.0,8.0,7.0,30.0,11.0,1.0,0.0,0.0,0.0,23.0,8.0,20.0,7.0,3.0,0.0,0.0,1.0,18.0,7.0,1.0,0.0,4.0,1.0,0,U-DEC,0.0,0.0,48.0,13.0,62.0,27.0,49.0,13.0,1.0,0.0,25.0,,0.0,0.0,0.0,0.0,13.0,7.0,0.0,0.0,19.0,1.0,73.0,25.0,70.0,17.0,1.0,0.0,50.0,,0.0,0.0,0.0,0.0,276.0,0.0,48.0,13.0,36.0,9.0,6.0,2.0,6.0,2.0,45.0,10.0,3.0,3.0,0.0,0.0,19.0,1.0,16.0,0.0,3.0,1.0,0.0,0.0,1.0,0.0,0.0,0.0,18.0,1.0,10,10,10,10,10,10,10,10,10,10,10,10,10,10,10,50,50,50,9,9,9,9,9,9,9,9,9,9,9,8,8,8,8,44,44,43
0,0,14,12,31.0,27.0,14,12,0,0,,0.0,0,0,0,0,0,0,Dan Ige,Nate Landwehr,1.0,0.0,41.0,30.0,52.0,43.0,41.0,30.0,0.0,0.0,,0.0,0.0,0.0,0.0,0.0,22.0,0.0,0.0,0.0,33.0,32.0,54.0,39.0,33.0,32.0,0.0,0.0,,0.0,0.0,0.0,0.0,0.0,19.0,26.0,14,12,8,9,4,1,2,2,14,9,0,3,0,0,41.0,30.0,28.0,20.0,10.0,7.0,3.0,3.0,34.0,23.0,3.0,6.0,4.0,1.0,33.0,32.0,25.0,25.0,5.0,5.0,3.0,2.0,30.0,23.0,3.0,9.0,0.0,0.0,0,U-DEC,,,,,,,,,,,,,,,,,,,,,,,,,,,,,,,,,,,,,,,,,,,,,,,,,,,,,,,,,,,,,,,,,10,10,10,10,10,10,9,9,10,,,,,,,29,29,30,9,9,9,9,9,9,10,10,9,,,,,,,28,28,27
1,0,30,37,61.0,59.0,37,38,0,0,,0.0,0,0,0,0,40,100,Marc-Andre Barriault,Eryk Anders,0.0,0.0,24.0,24.0,39.0,47.0,24.0,24.0,0.0,1.0,,33.0,0.0,0.0,0.0,0.0,0.0,59.0,0.0,0.0,41.0,22.0,50.0,39.0,42.0,25.0,0.0,0.0,,0.0,0.0,0.0,0.0,0.0,0.0,39.0,30,37,23,18,7,19,0,0,10,10,18,27,2,0,24.0,24.0,11.0,12.0,13.0,10.0,0.0,2.0,20.0,14.0,4.0,10.0,0.0,0.0,41.0,22.0,28.0,12.0,12.0,10.0,1.0,0.0,37.0,17.0,4.0,5.0,0.0,0.0,0,U-DEC,,,,,,,,,,,,,,,,,,,,,,,,,,,,,,,,,,,,,,,,,,,,,,,,,,,,,,,,,,,,,,,,,10,10,10,10,10,10,10,10,10,,,,,,,30,30,30,9,9,9,9,9,9,9,9,9,,,,,,,27,27,27
0,0,20,10,74.0,43.0,25,18,0,1,0.0,100.0,0,0,0,0,7,168,Miranda Maverick,Jasmine Jasudavicius,0.0,0.0,15.0,12.0,50.0,36.0,15.0,47.0,0.0,0.0,0.0,,0.0,0.0,0.0,0.0,0.0,201.0,0.0,0.0,28.0,45.0,40.0,44.0,28.0,50.0,0.0,0.0,0.0,,0.0,0.0,0.0,0.0,0.0,86.0,20,10,5,6,9,4,6,0,13,6,7,4,0,0,15.0,12.0,9.0,7.0,2.0,5.0,4.0,0.0,15.0,7.0,0.0,5.0,0.0,0.0,28.0,45.0,19.0,39.0,6.0,6.0,3.0,0.0,28.0,40.0,0.0,4.0,0.0,1.0,1,U-DEC,,,,,,,,,,,,,,,,,,,,,,,,,,,,,,,,,,,,,,,,,,,,,,,,,,,,,,,,,,,,,,,,,10,10,10,9,9,9,9,9,9,,,,,,,28,28,28,9,9,9,10,10,10,10,10,10,,,,,,,29,29,29
0,0,19,22,40.0,43.0,28,42,0,0,,0.0,0,0,0,0,78,22,Kyle Nelson,Blake Bilder,0.0,0.0,19.0,12.0,48.0,40.0,23.0,12.0,0.0,0.0,,0.0,0.0,0.0,0.0,0.0,0.0,74.0,0.0,0.0,21.0,11.0,52.0,28.0,32.0,30.0,0.0,0.0,0.0,0.0,0.0,0.0,0.0,0.0,63.0,69.0,19,22,10,15,6,0,3,7,17,22,2,0,0,0,19.0,12.0,8.0,4.0,5.0,1.0,6.0,7.0,19.0,12.0,0.0,0.0,0.0,0.0,21.0,11.0,6.0,7.0,9.0,1.0,6.0,3.0,21.0,11.0,0.0,0.0,0.0,0.0,0,U-DEC,,,,,,,,,,,,,,,,,,,,,,,,,,,,,,,,,,,,,,,,,,,,,,,,,,,,,,,,,,,,,,,,,10,10,10,10,10,10,10,9,10,,,,,,,30,29,30,9,9,9,9,9,9,9,10,9,,,,,,,27,28,27
0,0,20,16,43.0,28.0,20,16,0,0,,,0,0,0,0,0,0,David Dvorak,Steve Erceg,0.0,0.0,23.0,18.0,46.0,35.0,23.0,18.0,0.0,0.0,,0.0,0.0,1.0,0.0,0.0,70.0,4.0,0.0,0.0,10.0,20.0,52.0,60.0,13.0,22.0,1.0,3.0,33.0,100.0,0.0,0.0,0.0,0.0,47.0,85.0,20,16,8,8,3,1,9,7,20,16,0,0,0,0,23.0,18.0,12.0,11.0,4.0,6.0,7.0,1.0,19.0,15.0,1.0,2.0,3.0,1.0,10.0,20.0,6.0,9.0,3.0,9.0,1.0,2.0,7.0,15.0,3.0,5.0,0.0,0.0,1,U-DEC,,,,,,,,,,,,,,,,,,,,,,,,,,,,,,,,,,,,,,,,,,,,,,,,,,,,,,,,,,,,,,,,,10,10,9,9,9,9,9,9,9,,,,,,,28,28,27,9,9,10,10,10,10,10,10,10,,,,,,,29,29,30
0,0,41,28,48.0,42.0,60,36,0,1,,100.0,0,0,0,0,22,80,Diana Belbita,Maria Oliveira,0.0,0.0,22.0,7.0,59.0,41.0,49.0,19.0,1.0,1.0,50.0,100.0,0.0,0.0,0.0,0.0,89.0,157.0,0.0,0.0,43.0,29.0,49.0,34.0,45.0,30.0,0.0,0.0,,0.0,0.0,0.0,0.0,0.0,13.0,9.0,41,28,30,19,4,6,7,3,33,28,4,0,4,0,22.0,7.0,9.0,5.0,11.0,1.0,2.0,1.0,6.0,6.0,12.0,0.0,4.0,1.0,43.0,29.0,32.0,21.0,5.0,4.0,6.0,4.0,37.0,28.0,6.0,1.0,0.0,0.0,0,U-DEC,,,,,,,,,,,,,,,,,,,,,,,,,,,,,,,,,,,,,,,,,,,,,,,,,,,,,,,,,,,,,,,,,10,10,10,10,10,10,10,9,10,,,,,,,30,29,30,9,9,9,9,9,9,9,10,9,,,,,,,27,28,27
0,0,13,6,32.0,26.0,20,12,0,0,,0.0,0,0,0,0,0,61,Kai Kara-France,Amir Albazi,0.0,0.0,16.0,11.0,29.0,29.0,17.0,12.0,0.0,0.0,,0.0,0.0,0.0,0.0,0.0,0.0,17.0,0.0,0.0,9.0,3.0,47.0,33.0,30.0,15.0,1.0,1.0,100.0,50.0,0.0,1.0,0.0,0.0,47.0,216.0,13,6,7,2,1,2,5,2,13,6,0,0,0,0,16.0,11.0,10.0,8.0,2.0,2.0,4.0,1.0,16.0,11.0,0.0,0.0,0.0,0.0,9.0,3.0,8.0,3.0,0.0,0.0,1.0,0.0,1.0,0.0,0.0,0.0,8.0,3.0,1,S-DEC,0.0,0.0,27.0,5.0,41.0,17.0,29.0,7.0,1.0,0.0,100.0,0.0,0.0,0.0,0.0,0.0,11.0,23.0,0.0,0.0,34.0,18.0,32.0,38.0,37.0,18.0,0.0,0.0,,0.0,0.0,0.0,0.0,0.0,0.0,53.0,27.0,5.0,12.0,2.0,7.0,2.0,8.0,1.0,26.0,5.0,1.0,0.0,0.0,0.0,34.0,18.0,20.0,16.0,10.0,0.0,4.0,2.0,34.0,17.0,0.0,1.0,0.0,0.0,10,9,10,9,9,9,9,9,9,10,10,9,10,10,10,48,47,47,9,10,9,10,10,10,10,10,10,9,9,10,9,9,9,47,48,48
0,0,15,5,50.0,71.0,29,11,0,1,0.0,16.0,0,1,0,0,182,16,Alex Caceres,Daniel Pineda,0.0,0.0,5.0,9.0,55.0,64.0,7.0,19.0,0.0,2.0,,66.0,0.0,0.0,1.0,1.0,43.0,216.0,0.0,0.0,40.0,13.0,66.0,37.0,50.0,13.0,1.0,0.0,100.0,0.0,0.0,0.0,0.0,0.0,41.0,5.0,15,5,9,1,5,0,1,4,6,5,5,0,4,0,5.0,9.0,2.0,8.0,3.0,1.0,0.0,0.0,3.0,4.0,2.0,2.0,0.0,3.0,40.0,13.0,21.0,6.0,18.0,2.0,1.0,5.0,36.0,13.0,4.0,0.0,0.0,0.0,0,U-DEC,,,,,,,,,,,,,,,,,,,,,,,,,,,,,,,,,,,,,,,,,,,,,,,,,,,,,,,,,,,,,,,,,10,10,10,9,9,9,10,10,10,,,,,,,29,29,29,9,9,9,10,10,10,9,9,9,,,,,,,28,28,28
0,0,9,2,64.0,25.0,44,47,2,0,100.0,,0,0,0,0,283,0,Tim Elliott,Victor Altamirano,0.0,0.0,5.0,7.0,55.0,53.0,49.0,35.0,2.0,1.0,66.0,100.0,0.0,0.0,0.0,0.0,188.0,64.0,0.0,0.0,14.0,10.0,41.0,55.0,60.0,20.0,2.0,0.0,100.0,,0.0,0.0,0.0,0.0,202.0,0.0,9,2,8,0,1,1,0,1,0,2,0,0,9,0,5.0,7.0,4.0,4.0,1.0,2.0,0.0,1.0,1.0,6.0,2.0,1.0,2.0,0.0,14.0,10.0,10.0,6.0,2.0,3.0,2.0,1.0,5.0,7.0,2.0,3.0,7.0,0.0,0,U-DEC,,,,,,,,,,,,,,,,,,,,,,,,,,,,,,,,,,,,,,,,,,,,,,,,,,,,,,,,,,,,,,,,,10,10,10,10,9,10,10,10,10,,,,,,,30,29,30,9,9,9,9,10,9,9,9,9,,,,,,,27,28,27
0,0,12,10,75.0,29.0,15,10,0,0,0.0,0.0,0,0,0,0,159,0,Abubakar Nurmagomedov,Elizeu Zaleski dos Santos,0.0,0.0,5.0,14.0,31.0,43.0,20.0,19.0,1.0,0.0,100.0,,0.0,0.0,0.0,0.0,140.0,6.0,0.0,0.0,12.0,18.0,54.0,38.0,13.0,21.0,0.0,0.0,0.0,0.0,0.0,0.0,0.0,0.0,77.0,9.0,12,10,5,3,2,5,5,2,6,5,6,5,0,0,5.0,14.0,2.0,3.0,2.0,4.0,1.0,7.0,5.0,10.0,0.0,4.0,0.0,0.0,12.0,18.0,6.0,10.0,2.0,4.0,4.0,4.0,12.0,12.0,0.0,6.0,0.0,0.0,1,S-DEC,,,,,,,,,,,,,,,,,,,,,,,,,,,,,,,,,,,,,,,,,,,,,,,,,,,,,,,,,,,,,,,,,10,9,10,10,10,9,9,9,9,,,,,,,29,28,28,9,10,9,9,9,10,10,10,10,,,,,,,28,29,29
0,0,7,8,25.0,47.0,21,25,0,0,0.0,0.0,0,1,0,0,174,21,Daniel Santos,Johnny Munoz,0.0,0.0,29.0,6.0,70.0,40.0,65.0,19.0,1.0,0.0,100.0,0.0,0.0,0.0,0.0,0.0,241.0,25.0,0.0,0.0,14.0,4.0,63.0,57.0,48.0,20.0,2.0,1.0,100.0,33.0,0.0,0.0,1.0,0.0,232.0,33.0,7,8,3,3,3,4,1,1,5,7,1,1,1,0,29.0,6.0,18.0,3.0,8.0,2.0,3.0,1.0,2.0,6.0,2.0,0.0,25.0,0.0,14.0,4.0,9.0,2.0,4.0,2.0,1.0,0.0,3.0,2.0,3.0,2.0,8.0,0.0,0,U-DEC,,,,,,,,,,,,,,,,,,,,,,,,,,,,,,,,,,,,,,,,,,,,,,,,,,,,,,,,,,,,,,,,,10,10,10,10,10,10,9,9,9,,,,,,,29,29,29,9,9,9,9,9,9,9,9,9,,,,,,,27,27,27
1,0,18,21,56.0,47.0,25,21,0,0,,0.0,0,0,0,0,51,11,John Castaneda,Muin Gafurov,0.0,0.0,15.0,29.0,37.0,33.0,25.0,44.0,1.0,0.0,33.0,0.0,0.0,0.0,0.0,0.0,40.0,74.0,0.0,0.0,7.0,11.0,43.0,40.0,20.0,28.0,2.0,0.0,66.0,0.0,0.0,0.0,0.0,0.0,165.0,30.0,18,21,11,14,2,4,5,3,16,17,0,4,2,0,15.0,29.0,14.0,23.0,1.0,5.0,0.0,1.0,15.0,20.0,0.0,9.0,0.0,0.0,7.0,11.0,5.0,8.0,1.0,2.0,1.0,1.0,6.0,10.0,1.0,1.0,0.0,0.0,0,U-DEC,,,,,,,,,,,,,,,,,,,,,,,,,,,,,,,,,,,,,,,,,,,,,,,,,,,,,,,,,,,,,,,,,10,10,10,9,9,9,10,10,10,,,,,,,29,29,29,9,9,9,9,9,9,9,9,9,,,,,,,27,27,27
0,0,14,11,43.0,42.0,36,16,0,2,,66.0,0,0,0,0,13,112,Elise Reed,Jinh Yu Frey,0.0,0.0,19.0,7.0,57.0,25.0,31.0,12.0,0.0,1.0,,50.0,0.0,0.0,0.0,0.0,34.0,116.0,0.0,0.0,20.0,10.0,36.0,26.0,27.0,14.0,0.0,0.0,0.0,0.0,0.0,0.0,0.0,0.0,42.0,21.0,14,11,4,9,6,0,4,2,11,10,3,1,0,0,19.0,7.0,6.0,1.0,5.0,2.0,8.0,4.0,17.0,7.0,2.0,0.0,0.0,0.0,20.0,10.0,6.0,5.0,10.0,2.0,4.0,3.0,17.0,9.0,3.0,1.0,0.0,0.0,0,U-DEC,,,,,,,,,,,,,,,,,,,,,,,,,,,,,,,,,,,,,,,,,,,,,,,,,,,,,,,,,,,,,,,,,9,9,9,10,10,10,10,10,10,,,,,,,29,29,29,10,10,10,9,9,9,9,9,9,,,,,,,28,28,28
0,0,17,16,40.0,55.0,21,27,0,0,,0.0,0,0,0,0,122,24,Philipe Lins,Maxim Grishin,0.0,0.0,12.0,14.0,36.0,46.0,12.0,36.0,1.0,0.0,50.0,,0.0,0.0,0.0,0.0,160.0,7.0,0.0,0.0,16.0,11.0,51.0,52.0,17.0,40.0,0.0,0.0,0.0,0.0,0.0,0.0,0.0,0.0,222.0,5.0,17,16,7,8,8,2,2,6,14,13,3,3,0,0,12.0,14.0,5.0,4.0,5.0,3.0,2.0,7.0,9.0,9.0,3.0,5.0,0.0,0.0,16.0,11.0,10.0,8.0,4.0,1.0,2.0,2.0,13.0,7.0,3.0,4.0,0.0,0.0,0,U-DEC,,,,,,,,,,,,,,,,,,,,,,,,,,,,,,,,,,,,,,,,,,,,,,,,,,,,,,,,,,,,,,,,,10,10,10,10,10,10,9,10,9,,,,,,,29,30,29,9,9,9,9,9,9,10,9,10,,,,,,,28,27,28
1,0,23,12,54.0,75.0,37,15,0,0,0.0,,0,0,0,0,188,62,Mackenzie Dern,Angela Hill,0.0,0.0,22.0,27.0,44.0,67.0,31.0,41.0,0.0,0.0,0.0,,0.0,0.0,0.0,0.0,0.0,213.0,0.0,0.0,30.0,1.0,76.0,12.0,70.0,3.0,1.0,0.0,50.0,,0.0,0.0,0.0,0.0,203.0,64.0,23,12,19,5,4,7,0,0,12,8,5,3,6,1,22.0,27.0,13.0,10.0,7.0,17.0,2.0,0.0,17.0,9.0,5.0,18.0,0.0,0.0,30.0,1.0,29.0,1.0,1.0,0.0,0.0,0.0,6.0,1.0,0.0,0.0,24.0,0.0,0,U-DEC,0.0,0.0,24.0,23.0,48.0,60.0,34.0,31.0,1.0,0.0,50.0,,0.0,0.0,0.0,0.0,123.0,92.0,0.0,0.0,27.0,3.0,90.0,50.0,75.0,4.0,1.0,0.0,100.0,,0.0,0.0,0.0,0.0,278.0,0.0,24.0,23.0,16.0,10.0,6.0,13.0,2.0,0.0,15.0,14.0,9.0,9.0,0.0,0.0,27.0,3.0,27.0,1.0,0.0,2.0,0.0,0.0,8.0,3.0,0.0,0.0,19.0,0.0,10,10,10,9,9,9,10,10,10,10,10,10,10,10,10,49,49,49,9,9,8,10,10,10,8,8,8,9,9,9,8,8,8,44,44,43
0,0,34,49,41.0,60.0,34,49,0,0,0.0,0.0,0,0,0,0,11,0,Emily Ducote,Loopy Godinez,0.0,0.0,43.0,43.0,42.0,55.0,43.0,43.0,0.0,0.0,0.0,0.0,0.0,0.0,0.0,0.0,0.0,0.0,0.0,0.0,35.0,40.0,40.0,45.0,40.0,41.0,0.0,1.0,0.0,100.0,0.0,0.0,0.0,0.0,0.0,13.0,34,49,19,39,7,4,8,6,32,46,2,3,0,0,43.0,43.0,28.0,36.0,8.0,4.0,7.0,3.0,40.0,36.0,3.0,7.0,0.0,0.0,35.0,40.0,24.0,31.0,6.0,4.0,5.0,5.0,34.0,39.0,1.0,1.0,0.0,0.0,1,U-DEC,,,,,,,,,,,,,,,,,,,,,,,,,,,,,,,,,,,,,,,,,,,,,,,,,,,,,,,,,,,,,,,,,9,9,9,9,9,9,9,10,10,,,,,,,27,28,28,10,10,10,10,10,10,10,9,9,,,,,,,30,29,29
0,0,42,28,50.0,39.0,42,36,0,0,,0.0,0,0,0,0,23,0,Karolina Kowalkiewicz,Vanessa Demopoulos,0.0,0.0,55.0,22.0,67.0,25.0,56.0,22.0,0.0,0.0,,0.0,0.0,0.0,0.0,0.0,0.0,0.0,0.0,0.0,42.0,18.0,59.0,28.0,50.0,25.0,0.0,0.0,,0.0,0.0,0.0,0.0,0.0,89.0,0.0,42,28,33,20,7,4,2,4,37,25,5,3,0,0,55.0,22.0,30.0,13.0,16.0,7.0,9.0,2.0,55.0,22.0,0.0,0.0,0.0,0.0,42.0,18.0,31.0,16.0,7.0,2.0,4.0,0.0,42.0,18.0,0.0,0.0,0.0,0.0,0,U-DEC,,,,,,,,,,,,,,,,,,,,,,,,,,,,,,,,,,,,,,,,,,,,,,,,,,,,,,,,,,,,,,,,,10,10,10,10,10,10,10,10,10,,,,,,,30,30,30,9,9,9,9,9,9,9,9,9,,,,,,,27,27,27
0,0,28,34,63.0,46.0,28,34,0,0,0.0,,0,0,0,0,0,0,Ilir Latifi,Rodrigo Nascimento,0.0,0.0,11.0,15.0,64.0,41.0,38.0,17.0,1.0,0.0,100.0,,0.0,0.0,0.0,0.0,132.0,0.0,0.0,0.0,10.0,19.0,62.0,44.0,10.0,25.0,1.0,0.0,20.0,,0.0,0.0,0.0,0.0,98.0,0.0,28,34,8,26,13,7,7,1,27,29,1,5,0,0,11.0,15.0,5.0,10.0,3.0,1.0,3.0,4.0,9.0,14.0,0.0,1.0,2.0,0.0,10.0,19.0,7.0,15.0,2.0,2.0,1.0,2.0,10.0,18.0,0.0,1.0,0.0,0.0,1,S-DEC,,,,,,,,,,,,,,,,,,,,,,,,,,,,,,,,,,,,,,,,,,,,,,,,,,,,,,,,,,,,,,,,,9,9,9,10,10,10,9,9,10,,,,,,,28,28,29,10,10,10,9,9,9,10,10,9,,,,,,,29,29,28
0,0,60,17,59.0,53.0,68,20,0,1,0.0,33.0,0,0,0,0,55,92,Chase Hooper,Nick Fiore,0.0,0.0,56.0,15.0,62.0,48.0,74.0,16.0,0.0,2.0,0.0,100.0,1.0,0.0,0.0,0.0,54.0,96.0,0.0,0.0,33.0,19.0,61.0,70.0,75.0,22.0,1.0,1.0,50.0,33.0,0.0,0.0,1.0,0.0,125.0,99.0,60,17,44,17,11,0,5,0,35,12,22,4,3,1,56.0,15.0,43.0,14.0,12.0,1.0,1.0,0.0,36.0,12.0,17.0,2.0,3.0,1.0,33.0,19.0,23.0,18.0,8.0,0.0,2.0,1.0,26.0,10.0,3.0,5.0,4.0,4.0,0,U-DEC,,,,,,,,,,,,,,,,,,,,,,,,,,,,,,,,,,,,,,,,,,,,,,,,,,,,,,,,,,,,,,,,,10,10,10,10,10,10,10,10,10,,,,,,,30,30,30,9,8,9,9,9,9,9,9,9,,,,,,,27,26,27
0,0,3,7,37.0,43.0,15,39,1,1,50.0,33.0,0,0,0,1,32,238,Takashi Sato,Themba Gorimbo,0.0,1.0,14.0,18.0,82.0,60.0,21.0,40.0,1.0,1.0,25.0,50.0,0.0,0.0,0.0,1.0,74.0,200.0,0.0,0.0,13.0,8.0,59.0,80.0,20.0,31.0,0.0,1.0,,33.0,0.0,0.0,1.0,0.0,35.0,237.0,3,7,2,1,1,6,0,0,0,1,3,6,0,0,14.0,18.0,9.0,15.0,5.0,3.0,0.0,0.0,1.0,5.0,11.0,2.0,2.0,11.0,13.0,8.0,10.0,5.0,3.0,3.0,0.0,0.0,4.0,6.0,1.0,1.0,8.0,1.0,1,U-DEC,,,,,,,,,,,,,,,,,,,,,,,,,,,,,,,,,,,,,,,,,,,,,,,,,,,,,,,,,,,,,,,,,9,9,9,9,9,9,9,9,9,,,,,,,27,27,27,10,10,10,10,10,10,10,10,10,,,,,,,30,30,30
0,0,10,28,45.0,48.0,12,28,1,1,50.0,100.0,0,0,0,0,82,6,Anthony Smith,Johnny Walker,0.0,0.0,18.0,31.0,52.0,52.0,18.0,31.0,0.0,0.0,,,0.0,0.0,0.0,0.0,0.0,0.0,0.0,0.0,10.0,33.0,27.0,44.0,11.0,40.0,0.0,0.0,0.0,,0.0,0.0,0.0,0.0,0.0,26.0,10,28,8,16,2,3,0,9,10,19,0,6,0,3,18.0,31.0,8.0,7.0,2.0,4.0,8.0,20.0,18.0,31.0,0.0,0.0,0.0,0.0,10.0,33.0,3.0,9.0,6.0,2.0,1.0,22.0,10.0,31.0,0.0,0.0,0.0,2.0,1,U-DEC,,,,,,,,,,,,,,,,,,,,,,,,,,,,,,,,,,,,,,,,,,,,,,,,,,,,,,,,,,,,,,,,,9,9,9,9,9,10,9,9,9,,,,,,,27,27,28,10,10,10,10,10,9,10,10,10,,,,,,,30,30,29
0,0,19,11,44.0,28.0,34,17,1,0,33.0,,0,0,0,0,101,0,Karl Williams,Chase Sherman,0.0,0.0,23.0,13.0,36.0,23.0,23.0,15.0,0.0,0.0,0.0,,0.0,0.0,0.0,0.0,23.0,0.0,0.0,0.0,28.0,30.0,47.0,47.0,28.0,32.0,0.0,0.0,0.0,,0.0,0.0,0.0,0.0,31.0,12.0,19,11,14,6,2,0,3,5,14,10,2,1,3,0,23.0,13.0,17.0,5.0,2.0,1.0,4.0,7.0,23.0,13.0,0.0,0.0,0.0,0.0,28.0,30.0,22.0,15.0,2.0,9.0,4.0,6.0,28.0,23.0,0.0,7.0,0.0,0.0,0,U-DEC,,,,,,,,,,,,,,,,,,,,,,,,,,,,,,,,,,,,,,,,,,,,,,,,,,,,,,,,,,,,,,,,,10,10,10,10,10,9,10,10,10,,,,,,,30,30,29,9,9,9,9,9,10,9,9,9,,,,,,,27,27,28
0,0,14,23,35.0,31.0,14,23,1,0,50.0,0.0,0,0,0,0,6,0,Cody Stamann,Douglas Silva de Andrade,0.0,0.0,14.0,21.0,31.0,40.0,14.0,21.0,0.0,0.0,0.0,,0.0,0.0,0.0,0.0,21.0,0.0,1.0,0.0,26.0,17.0,46.0,31.0,38.0,28.0,0.0,0.0,,,0.0,0.0,0.0,0.0,92.0,0.0,14,23,8,7,5,7,1,9,14,22,0,1,0,0,14.0,21.0,10.0,4.0,1.0,9.0,3.0,8.0,14.0,21.0,0.0,0.0,0.0,0.0,26.0,17.0,22.0,6.0,3.0,7.0,1.0,4.0,21.0,17.0,0.0,0.0,5.0,0.0,1,U-DEC,,,,,,,,,,,,,,,,,,,,,,,,,,,,,,,,,,,,,,,,,,,,,,,,,,,,,,,,,,,,,,,,,9,9,9,9,9,9,10,10,10,,,,,,,28,28,28,10,10,10,10,10,10,9,9,9,,,,,,,29,29,29
0,0,1,3,20.0,100.0,1,7,0,1,,50.0,0,1,1,1,163,119,Ji Yeon Kim,Mandy Bohm,0.0,0.0,9.0,12.0,34.0,52.0,16.0,14.0,0.0,1.0,,33.0,1.0,0.0,0.0,0.0,114.0,102.0,0.0,0.0,0.0,2.0,0.0,40.0,15.0,4.0,0.0,0.0,0.0,0.0,0.0,0.0,0.0,0.0,67.0,24.0,1,3,1,2,0,0,0,1,1,1,0,0,0,2,9.0,12.0,4.0,7.0,3.0,1.0,2.0,4.0,6.0,9.0,3.0,3.0,0.0,0.0,0.0,2.0,0.0,0.0,0.0,2.0,0.0,0.0,0.0,0.0,0.0,2.0,0.0,0.0,1,S-DEC,,,,,,,,,,,,,,,,,,,,,,,,,,,,,,,,,,,,,,,,,,,,,,,,,,,,,,,,,,,,,,,,,9,10,9,9,9,9,9,9,9,,,,,,,27,28,27,10,9,10,9,9,9,9,9,9,,,,,,,28,27,28
0,0,20,7,58.0,38.0,29,15,2,1,66.0,100.0,0,0,0,0,97,107,Aljamain Sterling,Henry Cejudo,0.0,0.0,29.0,31.0,52.0,58.0,29.0,31.0,0.0,0.0,0.0,0.0,0.0,0.0,0.0,0.0,0.0,2.0,0.0,0.0,26.0,15.0,89.0,51.0,45.0,38.0,1.0,1.0,16.0,100.0,0.0,0.0,0.0,0.0,90.0,103.0,20,7,5,3,10,1,5,3,12,7,3,0,5,0,29.0,31.0,10.0,10.0,11.0,7.0,8.0,14.0,28.0,29.0,1.0,2.0,0.0,0.0,26.0,15.0,12.0,7.0,11.0,5.0,3.0,3.0,17.0,10.0,7.0,4.0,2.0,1.0,0,S-DEC,0.0,0.0,36.0,19.0,69.0,57.0,52.0,24.0,1.0,0.0,33.0,0.0,0.0,0.0,0.0,0.0,38.0,46.0,0.0,0.0,24.0,27.0,60.0,65.0,31.0,35.0,0.0,1.0,0.0,50.0,0.0,0.0,0.0,0.0,15.0,48.0,36.0,19.0,11.0,7.0,13.0,5.0,12.0,7.0,27.0,16.0,8.0,3.0,1.0,0.0,24.0,27.0,13.0,8.0,5.0,12.0,6.0,7.0,19.0,20.0,5.0,7.0,0.0,0.0,10,10,10,9,9,10,9,9,9,10,10,10,9,10,9,47,48,48,9,9,9,10,10,9,10,10,10,9,9,9,10,9,10,48,47,47
0,0,19,15,48.0,48.0,19,15,0,0,,0.0,0,0,0,0,0,0,Belal Muhammad,Gilbert Burns,0.0,0.0,18.0,15.0,35.0,53.0,18.0,15.0,0.0,0.0,,,0.0,0.0,0.0,0.0,0.0,0.0,0.0,0.0,25.0,14.0,42.0,63.0,25.0,14.0,0.0,0.0,,,0.0,0.0,0.0,0.0,0.0,0.0,19,15,9,7,9,3,1,5,19,15,0,0,0,0,18.0,15.0,11.0,6.0,7.0,0.0,0.0,9.0,18.0,15.0,0.0,0.0,0.0,0.0,25.0,14.0,20.0,7.0,5.0,3.0,0.0,4.0,25.0,14.0,0.0,0.0,0.0,0.0,0,U-DEC,0.0,0.0,28.0,16.0,51.0,69.0,28.0,16.0,0.0,0.0,,0.0,0.0,0.0,0.0,0.0,0.0,0.0,0.0,0.0,42.0,21.0,52.0,48.0,42.0,21.0,0.0,0.0,,0.0,0.0,0.0,0.0,0.0,0.0,0.0,28.0,16.0,18.0,6.0,10.0,4.0,0.0,6.0,28.0,16.0,0.0,0.0,0.0,0.0,42.0,21.0,34.0,9.0,8.0,3.0,0.0,9.0,42.0,21.0,0.0,0.0,0.0,0.0,10,10,10,10,10,10,10,10,10,10,9,10,10,10,9,50,49,49,9,9,9,9,9,9,9,9,9,9,10,9,9,9,10,45,46,46
0,0,16,17,72.0,62.0,65,28,1,0,50.0,,0,1,0,0,214,25,Movsar Evloev,Diego Lopes,0.0,0.0,39.0,10.0,59.0,41.0,79.0,10.0,1.0,0.0,100.0,,0.0,0.0,0.0,0.0,140.0,0.0,0.0,0.0,33.0,10.0,80.0,55.0,39.0,10.0,2.0,0.0,50.0,,0.0,3.0,0.0,1.0,156.0,16.0,16,17,14,13,1,0,1,4,6,10,1,0,9,7,39.0,10.0,37.0,7.0,2.0,3.0,0.0,0.0,22.0,10.0,0.0,0.0,17.0,0.0,33.0,10.0,25.0,9.0,0.0,1.0,8.0,0.0,17.0,7.0,10.0,3.0,6.0,0.0,0,U-DEC,,,,,,,,,,,,,,,,,,,,,,,,,,,,,,,,,,,,,,,,,,,,,,,,,,,,,,,,,,,,,,,,,9,10,10,10,10,10,10,9,10,,,,,,,29,29,30,10,9,9,9,9,9,9,10,9,,,,,,,28,28,27
0,0,12,21,54.0,45.0,48,34,0,0,,,0,0,0,0,29,93,Kron Gracie,Charles Jourdain,0.0,0.0,10.0,21.0,71.0,44.0,68.0,55.0,0.0,0.0,,,0.0,0.0,0.0,0.0,14.0,183.0,0.0,0.0,10.0,38.0,47.0,50.0,55.0,86.0,0.0,0.0,,,0.0,0.0,0.0,0.0,0.0,132.0,12,21,4,19,0,2,8,0,12,15,0,6,0,0,10.0,21.0,5.0,17.0,1.0,4.0,4.0,0.0,10.0,12.0,0.0,4.0,0.0,5.0,10.0,38.0,9.0,23.0,0.0,8.0,1.0,7.0,10.0,27.0,0.0,6.0,0.0,5.0,1,U-DEC,,,,,,,,,,,,,,,,,,,,,,,,,,,,,,,,,,,,,,,,,,,,,,,,,,,,,,,,,,,,,,,,,9,9,9,9,9,9,9,9,9,,,,,,,27,27,27,10,10,10,10,10,10,10,10,10,,,,,,,30,30,30
0,0,44,44,50.0,78.0,45,45,0,0,,0.0,0,0,0,0,48,0,Khaos Williams,Rolando Bedoya,0.0,0.0,39.0,40.0,43.0,66.0,39.0,40.0,0.0,0.0,,,0.0,0.0,0.0,0.0,18.0,0.0,0.0,0.0,47.0,65.0,44.0,69.0,47.0,65.0,0.0,0.0,,0.0,0.0,0.0,0.0,0.0,7.0,7.0,44,44,21,26,15,9,8,9,42,37,2,7,0,0,39.0,40.0,17.0,25.0,8.0,3.0,14.0,12.0,37.0,37.0,2.0,3.0,0.0,0.0,47.0,65.0,30.0,52.0,6.0,3.0,11.0,10.0,47.0,62.0,0.0,3.0,0.0,0.0,0,S-DEC,,,,,,,,,,,,,,,,,,,,,,,,,,,,,,,,,,,,,,,,,,,,,,,,,,,,,,,,,,,,,,,,,10,10,9,10,10,9,9,9,9,,,,,,,29,29,27,9,9,10,9,9,10,10,10,10,,,,,,,28,28,30
0,0,7,4,77.0,57.0,18,31,0,1,,100.0,0,0,0,0,0,276,Marina Rodriguez,Virna Jandiroba,0.0,0.0,5.0,11.0,45.0,68.0,27.0,34.0,0.0,1.0,,25.0,0.0,0.0,0.0,1.0,5.0,246.0,0.0,0.0,21.0,12.0,50.0,60.0,70.0,26.0,0.0,1.0,,50.0,0.0,0.0,0.0,0.0,0.0,200.0,7,4,6,4,0,0,1,0,1,0,0,0,6,4,5.0,11.0,2.0,11.0,3.0,0.0,0.0,0.0,0.0,0.0,2.0,3.0,3.0,8.0,21.0,12.0,19.0,10.0,2.0,1.0,0.0,1.0,9.0,7.0,1.0,2.0,11.0,3.0,1,U-DEC,,,,,,,,,,,,,,,,,,,,,,,,,,,,,,,,,,,,,,,,,,,,,,,,,,,,,,,,,,,,,,,,,-,-,9,-,-,9,-,-,9,,,,,,,28,28,27,-,-,10,-,-,10,-,-,10,,,,,,,29,29,30
0,0,27,20,79.0,51.0,33,23,1,0,50.0,0.0,0,0,0,0,95,34,Marcos Rogerio de Lima,Waldo Cortes-Acosta,0.0,0.0,15.0,19.0,78.0,51.0,26.0,22.0,2.0,0.0,50.0,,0.0,0.0,0.0,0.0,180.0,0.0,0.0,0.0,17.0,43.0,73.0,58.0,17.0,43.0,0.0,0.0,0.0,,0.0,0.0,0.0,0.0,26.0,0.0,27,20,7,7,5,10,15,3,26,17,0,3,1,0,15.0,19.0,6.0,13.0,2.0,4.0,7.0,2.0,13.0,19.0,2.0,0.0,0.0,0.0,17.0,43.0,7.0,34.0,4.0,4.0,6.0,5.0,17.0,43.0,0.0,0.0,0.0,0.0,0,U-DEC,,,,,,,,,,,,,,,,,,,,,,,,,,,,,,,,,,,,,,,,,,,,,,,,,,,,,,,,,,,,,,,,,10,10,10,10,10,10,9,9,9,,,,,,,29,29,29,9,9,9,9,9,9,10,10,10,,,,,,,28,28,28
0,0,12,29,42.0,72.0,12,30,1,0,25.0,,0,0,0,0,54,8,Josh Quinlan,Trey Waters,0.0,0.0,18.0,35.0,43.0,44.0,18.0,35.0,0.0,0.0,0.0,,0.0,0.0,0.0,0.0,0.0,0.0,0.0,0.0,20.0,40.0,33.0,47.0,20.0,41.0,0.0,1.0,0.0,50.0,0.0,0.0,0.0,0.0,0.0,19.0,12,29,5,23,0,4,7,2,8,27,2,1,2,1,18.0,35.0,7.0,31.0,4.0,1.0,7.0,3.0,18.0,35.0,0.0,0.0,0.0,0.0,20.0,40.0,14.0,39.0,1.0,1.0,5.0,0.0,20.0,40.0,0.0,0.0,0.0,0.0,1,U-DEC,,,,,,,,,,,,,,,,,,,,,,,,,,,,,,,,,,,,,,,,,,,,,,,,,,,,,,,,,,,,,,,,,9,9,9,9,9,9,9,9,9,,,,,,,27,27,27,10,10,10,10,10,10,10,10,10,,,,,,,30,30,30
0,0,27,45,52.0,45.0,30,48,0,0,,,0,0,0,0,20,57,Martin Buday,Jake Collier,0.0,0.0,38.0,27.0,58.0,49.0,51.0,29.0,0.0,0.0,,,0.0,0.0,0.0,0.0,8.0,140.0,0.0,0.0,33.0,22.0,54.0,41.0,64.0,30.0,0.0,0.0,,0.0,0.0,0.0,0.0,0.0,77.0,74.0,27,45,20,32,2,7,5,6,26,43,1,0,0,2,38.0,27.0,22.0,20.0,14.0,6.0,2.0,1.0,24.0,18.0,14.0,9.0,0.0,0.0,33.0,22.0,24.0,11.0,8.0,9.0,1.0,2.0,22.0,16.0,4.0,6.0,7.0,0.0,0,U-DEC,,,,,,,,,,,,,,,,,,,,,,,,,,,,,,,,,,,,,,,,,,,,,,,,,,,,,,,,,,,,,,,,,9,9,9,10,10,10,10,10,10,,,,,,,29,29,29,10,10,10,9,9,9,9,9,9,,,,,,,28,28,28
0,0,13,7,68.0,50.0,28,8,4,0,66.0,,0,1,0,0,215,0,Cody Durden,Charles Johnson,0.0,0.0,21.0,22.0,63.0,55.0,26.0,27.0,4.0,0.0,66.0,,0.0,0.0,0.0,0.0,198.0,5.0,0.0,0.0,22.0,23.0,46.0,48.0,26.0,25.0,3.0,0.0,50.0,,0.0,0.0,0.0,0.0,160.0,3.0,13,7,7,3,1,3,5,1,11,6,0,0,2,1,21.0,22.0,16.0,12.0,3.0,10.0,2.0,0.0,15.0,19.0,1.0,3.0,5.0,0.0,22.0,23.0,16.0,15.0,5.0,6.0,1.0,2.0,20.0,21.0,2.0,2.0,0.0,0.0,0,U-DEC,,,,,,,,,,,,,,,,,,,,,,,,,,,,,,,,,,,,,,,,,,,,,,,,,,,,,,,,,,,,,,,,,10,10,10,10,10,10,10,10,10,,,,,,,30,30,30,9,9,9,9,9,9,9,9,9,,,,,,,27,27,27
0,0,21,24,38.0,82.0,25,31,0,0,0.0,,0,0,0,0,54,35,Hailey Cowan,Jamey-Lyn Horth,0.0,0.0,23.0,28.0,43.0,66.0,31.0,37.0,1.0,0.0,50.0,,0.0,0.0,0.0,0.0,133.0,7.0,0.0,0.0,19.0,24.0,45.0,72.0,29.0,31.0,1.0,0.0,20.0,0.0,0.0,0.0,0.0,0.0,103.0,25.0,21,24,15,13,6,7,0,4,12,13,9,11,0,0,23.0,28.0,11.0,14.0,9.0,11.0,3.0,3.0,16.0,18.0,4.0,10.0,3.0,0.0,19.0,24.0,12.0,10.0,6.0,12.0,1.0,2.0,15.0,15.0,3.0,9.0,1.0,0.0,1,U-DEC,,,,,,,,,,,,,,,,,,,,,,,,,,,,,,,,,,,,,,,,,,,,,,,,,,,,,,,,,,,,,,,,,9,9,9,10,10,10,9,9,9,,,,,,,28,28,28,10,10,10,9,9,9,10,10,10,,,,,,,29,29,29
1,0,28,22,56.0,68.0,42,36,0,0,0.0,0.0,0,0,0,0,64,97,Alexandre Pantoja,Brandon Moreno,0.0,0.0,33.0,41.0,44.0,53.0,36.0,41.0,0.0,2.0,,100.0,0.0,0.0,0.0,0.0,0.0,83.0,0.0,0.0,23.0,26.0,47.0,55.0,25.0,29.0,2.0,0.0,66.0,,0.0,0.0,0.0,2.0,121.0,37.0,28,22,23,20,4,2,1,0,19,20,4,2,5,0,33.0,41.0,27.0,37.0,6.0,4.0,0.0,0.0,31.0,38.0,1.0,1.0,1.0,2.0,23.0,26.0,14.0,24.0,8.0,1.0,1.0,1.0,15.0,22.0,2.0,0.0,6.0,4.0,0,S-DEC,0.0,0.0,20.0,31.0,40.0,64.0,23.0,34.0,3.0,0.0,75.0,,0.0,0.0,0.0,1.0,184.0,24.0,0.0,0.0,25.0,27.0,48.0,65.0,35.0,27.0,1.0,0.0,100.0,,0.0,0.0,0.0,0.0,137.0,0.0,20.0,31.0,18.0,27.0,1.0,4.0,1.0,0.0,15.0,23.0,5.0,7.0,0.0,1.0,25.0,27.0,24.0,25.0,1.0,2.0,0.0,0.0,24.0,25.0,1.0,2.0,0.0,0.0,10,10,10,9,9,9,9,10,10,9,9,9,9,10,10,46,48,48,9,9,9,10,10,10,10,9,9,10,10,10,10,9,9,49,47,47
0,0,38,34,70.0,49.0,39,34,0,0,0.0,,0,0,0,0,0,0,Dan Hooker,Jalin Turner,0.0,0.0,44.0,34.0,54.0,56.0,48.0,34.0,0.0,0.0,,0.0,1.0,0.0,0.0,0.0,16.0,0.0,1.0,0.0,43.0,32.0,69.0,66.0,85.0,45.0,0.0,1.0,0.0,50.0,0.0,0.0,0.0,0.0,173.0,18.0,38,34,16,16,8,13,14,5,35,30,3,4,0,0,44.0,34.0,27.0,23.0,9.0,9.0,8.0,2.0,38.0,25.0,6.0,9.0,0.0,0.0,43.0,32.0,34.0,24.0,8.0,8.0,1.0,0.0,27.0,23.0,10.0,5.0,6.0,4.0,0,S-DEC,,,,,,,,,,,,,,,,,,,,,,,,,,,,,,,,,,,,,,,,,,,,,,,,,,,,,,,,,,,,,,,,,9,9,9,10,10,10,9,10,10,,,,,,,28,29,29,10,10,10,9,9,9,10,9,9,,,,,,,29,28,28
1,0,6,27,60.0,90.0,6,36,0,0,,,1,0,0,1,11,163,Edgar Chairez,Tatsuro Taira,0.0,0.0,4.0,17.0,57.0,65.0,5.0,57.0,0.0,1.0,,100.0,0.0,1.0,0.0,0.0,14.0,250.0,0.0,0.0,15.0,17.0,71.0,77.0,15.0,28.0,0.0,1.0,,50.0,1.0,0.0,1.0,0.0,0.0,180.0,6,27,2,18,1,0,3,9,6,11,0,0,0,16,4.0,17.0,3.0,16.0,0.0,0.0,1.0,1.0,4.0,1.0,0.0,0.0,0.0,16.0,15.0,17.0,10.0,6.0,4.0,2.0,1.0,9.0,15.0,14.0,0.0,0.0,0.0,3.0,1,U-DEC,,,,,,,,,,,,,,,,,,,,,,,,,,,,,,,,,,,,,,,,,,,,,,,,,,,,,,,,,,,,,,,,,9,9,9,8,8,8,10,10,10,,,,,,,27,27,27,10,10,10,10,10,10,9,9,9,,,,,,,29,29,29
0,0,1,2,50.0,100.0,3,29,0,1,,100.0,0,1,0,0,0,277,Esteban Ribovics,Kamuela Kirk,0.0,0.0,65.0,35.0,55.0,52.0,71.0,36.0,1.0,0.0,100.0,0.0,0.0,0.0,0.0,0.0,46.0,0.0,0.0,0.0,49.0,19.0,59.0,50.0,61.0,21.0,1.0,2.0,100.0,22.0,0.0,0.0,0.0,0.0,29.0,103.0,1,2,0,2,0,0,1,0,1,2,0,0,0,0,65.0,35.0,58.0,20.0,6.0,9.0,1.0,6.0,55.0,31.0,4.0,4.0,6.0,0.0,49.0,19.0,36.0,14.0,11.0,3.0,2.0,2.0,36.0,18.0,6.0,1.0,7.0,0.0,0,U-DEC,,,,,,,,,,,,,,,,,,,,,,,,,,,,,,,,,,,,,,,,,,,,,,,,,,,,,,,,,,,,,,,,,9,9,9,10,10,10,10,10,10,,,,,,,29,29,29,10,10,10,9,9,9,9,9,9,,,,,,,28,28,28
0,0,23,2,65.0,33.0,44,4,1,0,50.0,,0,0,0,0,235,5,Grant Dawson,Damir Ismagulov,0.0,0.0,5.0,10.0,27.0,55.0,22.0,14.0,1.0,0.0,100.0,,1.0,0.0,0.0,0.0,237.0,0.0,0.0,0.0,2.0,1.0,50.0,25.0,18.0,17.0,1.0,0.0,50.0,,0.0,0.0,0.0,1.0,272.0,3.0,23,2,21,1,1,1,1,0,4,2,1,0,18,0,5.0,10.0,5.0,5.0,0.0,5.0,0.0,0.0,3.0,10.0,0.0,0.0,2.0,0.0,2.0,1.0,2.0,0.0,0.0,0.0,0.0,1.0,2.0,1.0,0.0,0.0,0.0,0.0,0,U-DEC,,,,,,,,,,,,,,,,,,,,,,,,,,,,,,,,,,,,,,,,,,,,,,,,,,,,,,,,,,,,,,,,,10,10,10,10,10,10,10,10,10,,,,,,,30,30,30,8,9,9,9,9,9,9,9,9,,,,,,,26,27,27
0,0,15,11,37.0,42.0,15,13,0,0,,0.0,0,0,0,0,5,74,Michael Morales,Max Griffin,0.0,0.0,31.0,15.0,44.0,39.0,31.0,15.0,0.0,0.0,,0.0,0.0,0.0,0.0,0.0,2.0,5.0,0.0,0.0,26.0,10.0,48.0,26.0,27.0,11.0,1.0,0.0,100.0,0.0,0.0,0.0,0.0,0.0,20.0,51.0,15,11,9,8,3,1,3,2,13,11,2,0,0,0,31.0,15.0,30.0,10.0,1.0,3.0,0.0,2.0,29.0,14.0,2.0,1.0,0.0,0.0,26.0,10.0,20.0,10.0,1.0,0.0,5.0,0.0,26.0,10.0,0.0,0.0,0.0,0.0,0,U-DEC,,,,,,,,,,,,,,,,,,,,,,,,,,,,,,,,,,,,,,,,,,,,,,,,,,,,,,,,,,,,,,,,,9,9,9,10,10,10,10,10,10,,,,,,,29,29,29,10,10,10,9,9,9,9,9,9,,,,,,,28,28,28
0,0,28,16,52.0,32.0,28,18,0,0,0.0,,0,0,0,0,17,0,Melissa Gatto,Ariane Lipski,0.0,0.0,33.0,26.0,50.0,56.0,45.0,39.0,0.0,1.0,0.0,100.0,0.0,0.0,0.0,0.0,136.0,12.0,0.0,0.0,24.0,24.0,35.0,44.0,27.0,24.0,0.0,0.0,0.0,,0.0,0.0,0.0,0.0,24.0,35.0,28,16,13,3,10,9,5,4,25,14,3,2,0,0,33.0,26.0,11.0,10.0,17.0,12.0,5.0,4.0,23.0,18.0,10.0,8.0,0.0,0.0,24.0,24.0,15.0,15.0,7.0,6.0,2.0,3.0,22.0,21.0,2.0,2.0,0.0,1.0,1,S-DEC,,,,,,,,,,,,,,,,,,,,,,,,,,,,,,,,,,,,,,,,,,,,,,,,,,,,,,,,,,,,,,,,,10,9,10,10,9,9,9,9,9,,,,,,,29,27,28,9,10,9,9,10,10,10,10,10,,,,,,,28,30,29
0,0,12,33,46.0,61.0,35,68,0,0,,,0,0,0,0,8,139,Karol Rosa,Yana Santos,0.0,0.0,20.0,29.0,45.0,65.0,42.0,48.0,0.0,0.0,,,0.0,0.0,0.0,0.0,8.0,94.0,0.0,0.0,34.0,33.0,56.0,56.0,40.0,35.0,1.0,0.0,100.0,,0.0,0.0,0.0,0.0,25.0,0.0,12,33,7,11,4,17,1,5,8,14,4,19,0,0,20.0,29.0,14.0,5.0,5.0,13.0,1.0,11.0,16.0,18.0,4.0,11.0,0.0,0.0,34.0,33.0,17.0,4.0,9.0,12.0,8.0,17.0,24.0,31.0,4.0,2.0,6.0,0.0,0,S-DEC,,,,,,,,,,,,,,,,,,,,,,,,,,,,,,,,,,,,,,,,,,,,,,,,,,,,,,,,,,,,,,,,,9,9,9,9,10,10,10,10,10,,,,,,,28,29,29,10,10,10,10,9,9,9,9,9,,,,,,,29,28,28
0,0,10,3,45.0,20.0,31,18,0,0,,0.0,0,0,0,1,128,82,Luana Carolina,Ivana Petrovic,0.0,0.0,16.0,13.0,42.0,40.0,47.0,28.0,0.0,1.0,0.0,50.0,0.0,0.0,0.0,0.0,84.0,118.0,0.0,0.0,15.0,6.0,55.0,40.0,34.0,31.0,1.0,1.0,50.0,33.0,0.0,2.0,0.0,0.0,133.0,51.0,10,3,3,3,0,0,7,0,6,3,0,0,4,0,16.0,13.0,6.0,9.0,7.0,4.0,3.0,0.0,11.0,7.0,5.0,4.0,0.0,2.0,15.0,6.0,9.0,3.0,4.0,1.0,2.0,2.0,10.0,6.0,2.0,0.0,3.0,0.0,0,U-DEC,,,,,,,,,,,,,,,,,,,,,,,,,,,,,,,,,,,,,,,,,,,,,,,,,,,,,,,,,,,,,,,,,10,10,10,10,10,9,9,9,10,,,,,,,29,29,29,9,9,9,9,9,10,10,10,9,,,,,,,28,28,28
0,0,13,17,44.0,54.0,13,17,0,0,,0.0,0,0,0,0,0,7,Blagoy Ivanov,Alexandr Romanov,0.0,0.0,9.0,22.0,32.0,53.0,9.0,38.0,0.0,1.0,,100.0,0.0,0.0,0.0,0.0,0.0,103.0,0.0,0.0,22.0,46.0,43.0,56.0,22.0,49.0,0.0,1.0,,100.0,0.0,0.0,0.0,0.0,0.0,63.0,13,17,11,5,1,5,1,7,13,16,0,1,0,0,9.0,22.0,7.0,12.0,2.0,2.0,0.0,8.0,9.0,18.0,0.0,1.0,0.0,3.0,22.0,46.0,20.0,35.0,2.0,4.0,0.0,7.0,22.0,40.0,0.0,2.0,0.0,4.0,1,U-DEC,,,,,,,,,,,,,,,,,,,,,,,,,,,,,,,,,,,,,,,,,,,,,,,,,,,,,,,,,,,,,,,,,9,9,9,9,9,9,9,9,9,,,,,,,27,27,27,10,10,10,10,10,10,10,10,10,,,,,,,30,30,30
0,0,21,14,37.0,20.0,21,14,0,0,,,0,0,0,0,0,0,Ilia Topuria,Josh Emmett,0.0,0.0,30.0,19.0,40.0,27.0,30.0,19.0,0.0,0.0,,,0.0,0.0,0.0,0.0,4.0,0.0,0.0,0.0,37.0,31.0,40.0,38.0,37.0,31.0,0.0,0.0,,,0.0,0.0,0.0,0.0,0.0,0.0,21,14,14,8,4,4,3,2,21,14,0,0,0,0,30.0,19.0,25.0,8.0,0.0,6.0,5.0,5.0,25.0,19.0,0.0,0.0,5.0,0.0,37.0,31.0,30.0,16.0,3.0,7.0,4.0,8.0,37.0,31.0,0.0,0.0,0.0,0.0,0,U-DEC,1.0,0.0,56.0,13.0,56.0,25.0,62.0,15.0,0.0,0.0,,,0.0,0.0,0.0,0.0,58.0,0.0,0.0,0.0,8.0,10.0,36.0,27.0,21.0,10.0,3.0,0.0,100.0,,0.0,0.0,0.0,0.0,153.0,0.0,56.0,13.0,50.0,6.0,2.0,6.0,4.0,1.0,26.0,13.0,2.0,0.0,28.0,0.0,8.0,10.0,5.0,5.0,0.0,3.0,3.0,2.0,5.0,10.0,0.0,0.0,3.0,0.0,9,10,10,10,10,10,10,10,10,10,10,10,10,10,10,49,50,50,10,9,9,9,9,9,9,9,8,8,8,7,9,9,9,45,44,42
0,0,11,5,57.0,33.0,16,37,0,0,,0.0,0,0,0,0,101,119,Phil Rowe,Neil Magny,0.0,0.0,6.0,7.0,50.0,43.0,10.0,29.0,1.0,0.0,50.0,,0.0,0.0,0.0,0.0,123.0,116.0,0.0,0.0,17.0,17.0,51.0,50.0,25.0,43.0,0.0,0.0,,0.0,0.0,0.0,0.0,0.0,54.0,36.0,11,5,6,5,1,0,4,0,10,3,1,2,0,0,6.0,7.0,3.0,4.0,1.0,3.0,2.0,0.0,6.0,3.0,0.0,4.0,0.0,0.0,17.0,17.0,8.0,14.0,1.0,2.0,8.0,1.0,16.0,11.0,1.0,6.0,0.0,0.0,1,S-DEC,,,,,,,,,,,,,,,,,,,,,,,,,,,,,,,,,,,,,,,,,,,,,,,,,,,,,,,,,,,,,,,,,10,10,9,9,10,9,9,9,10,,,,,,,28,29,28,9,9,10,10,9,10,10,10,9,,,,,,,29,28,29
0,0,25,31,48.0,44.0,26,31,0,1,,100.0,0,0,0,0,5,17,Wellington Turman,Randy Brown,0.0,0.0,12.0,15.0,66.0,50.0,42.0,28.0,0.0,1.0,0.0,100.0,0.0,0.0,0.0,0.0,77.0,141.0,0.0,0.0,18.0,18.0,51.0,51.0,28.0,19.0,0.0,0.0,0.0,,0.0,0.0,0.0,0.0,103.0,9.0,25,31,5,10,2,7,18,14,24,31,1,0,0,0,12.0,15.0,4.0,3.0,4.0,3.0,4.0,9.0,7.0,5.0,5.0,10.0,0.0,0.0,18.0,18.0,10.0,8.0,4.0,7.0,4.0,3.0,12.0,17.0,6.0,1.0,0.0,0.0,1,U-DEC,,,,,,,,,,,,,,,,,,,,,,,,,,,,,,,,,,,,,,,,,,,,,,,,,,,,,,,,,,,,,,,,,9,9,9,9,9,9,10,10,10,,,,,,,28,28,28,10,10,10,10,10,10,9,9,9,,,,,,,29,29,29
0,0,12,29,25.0,36.0,14,30,0,2,0.0,66.0,0,0,0,0,1,30,Gillian Robertson,Tabatha Ricci,0.0,0.0,36.0,31.0,41.0,27.0,36.0,31.0,0.0,1.0,,33.0,0.0,0.0,0.0,0.0,0.0,8.0,0.0,0.0,28.0,40.0,32.0,33.0,28.0,40.0,1.0,0.0,33.0,0.0,0.0,0.0,0.0,0.0,25.0,0.0,12,29,4,17,4,2,4,10,12,27,0,0,0,2,36.0,31.0,14.0,16.0,9.0,8.0,13.0,7.0,35.0,31.0,1.0,0.0,0.0,0.0,28.0,40.0,13.0,26.0,11.0,7.0,4.0,7.0,27.0,37.0,1.0,3.0,0.0,0.0,1,U-DEC,,,,,,,,,,,,,,,,,,,,,,,,,,,,,,,,,,,,,,,,,,,,,,,,,,,,,,,,,,,,,,,,,9,9,10,10,9,9,9,9,9,,,,,,,28,27,28,10,10,9,9,10,10,10,10,10,,,,,,,29,30,29
0,0,25,26,52.0,33.0,36,27,0,1,,25.0,0,0,0,0,0,70,Joshua Van,Zhalgas Zhumagulov,0.0,0.0,51.0,38.0,51.0,40.0,51.0,38.0,0.0,0.0,,0.0,0.0,0.0,0.0,0.0,1.0,0.0,0.0,0.0,44.0,39.0,51.0,33.0,44.0,39.0,0.0,0.0,0.0,,0.0,0.0,0.0,0.0,0.0,0.0,25,26,11,10,11,10,3,6,23,25,2,1,0,0,51.0,38.0,36.0,23.0,10.0,7.0,5.0,8.0,40.0,38.0,11.0,0.0,0.0,0.0,44.0,39.0,31.0,12.0,8.0,11.0,5.0,16.0,43.0,38.0,1.0,1.0,0.0,0.0,0,S-DEC,,,,,,,,,,,,,,,,,,,,,,,,,,,,,,,,,,,,,,,,,,,,,,,,,,,,,,,,,,,,,,,,,9,9,9,10,10,10,10,10,9,,,,,,,29,29,28,10,10,10,9,9,9,9,9,10,,,,,,,28,28,29
0,0,26,24,50.0,40.0,45,29,3,0,75.0,,1,0,0,0,109,20,Chepe Mariscal,Trevor Peek,0.0,0.0,12.0,13.0,70.0,59.0,44.0,16.0,1.0,0.0,25.0,,0.0,0.0,1.0,1.0,153.0,52.0,0.0,0.0,33.0,14.0,67.0,31.0,56.0,20.0,0.0,0.0,0.0,,0.0,0.0,0.0,0.0,67.0,11.0,26,24,18,14,4,8,4,2,12,19,7,5,7,0,12.0,13.0,6.0,6.0,4.0,7.0,2.0,0.0,4.0,6.0,5.0,7.0,3.0,0.0,33.0,14.0,27.0,5.0,3.0,8.0,3.0,1.0,25.0,14.0,8.0,0.0,0.0,0.0,0,U-DEC,,,,,,,,,,,,,,,,,,,,,,,,,,,,,,,,,,,,,,,,,,,,,,,,,,,,,,,,,,,,,,,,,10,10,10,10,10,10,10,10,10,,,,,,,30,30,30,9,9,9,9,9,9,9,9,9,,,,,,,27,27,27
0,0,20,21,50.0,30.0,20,21,0,0,,0.0,0,0,0,0,0,0,Jack Jenkins,Jamall Emmers,0.0,0.0,31.0,28.0,50.0,39.0,31.0,29.0,1.0,0.0,100.0,,0.0,0.0,0.0,1.0,10.0,8.0,0.0,0.0,8.0,8.0,44.0,53.0,34.0,26.0,0.0,1.0,,20.0,0.0,0.0,0.0,1.0,5.0,249.0,20,21,8,6,7,10,5,5,19,20,1,1,0,0,31.0,28.0,12.0,13.0,6.0,7.0,13.0,8.0,31.0,27.0,0.0,0.0,0.0,1.0,8.0,8.0,6.0,7.0,1.0,1.0,1.0,0.0,3.0,4.0,0.0,0.0,5.0,4.0,0,S-DEC,,,,,,,,,,,,,,,,,,,,,,,,,,,,,,,,,,,,,,,,,,,,,,,,,,,,,,,,,,,,,,,,,10,10,9,10,10,9,9,9,9,,,,,,,29,29,27,9,9,10,9,9,10,10,10,10,,,,,,,28,28,30
0,0,11,1,78.0,100.0,41,13,0,1,,100.0,0,0,2,1,274,19,Sedriques Dumas,Cody Brundage,0.0,0.0,4.0,0.0,100.0,0.0,14.0,4.0,0.0,0.0,,0.0,0.0,0.0,0.0,0.0,221.0,0.0,0.0,0.0,2.0,2.0,50.0,66.0,22.0,14.0,0.0,1.0,,50.0,0.0,1.0,0.0,0.0,173.0,94.0,11,1,10,0,1,0,0,1,0,1,0,0,11,0,4.0,0.0,2.0,0.0,0.0,0.0,2.0,0.0,2.0,0.0,0.0,0.0,2.0,0.0,2.0,2.0,1.0,2.0,1.0,0.0,0.0,0.0,1.0,2.0,1.0,0.0,0.0,0.0,0,U-DEC,,,,,,,,,,,,,,,,,,,,,,,,,,,,,,,,,,,,,,,,,,,,,,,,,,,,,,,,,,,,,,,,,10,10,10,10,10,10,10,9,10,,,,,,,30,29,30,9,9,9,9,9,9,9,10,9,,,,,,,27,28,27
0,0,29,38,43.0,53.0,29,38,0,0,,,0,0,0,0,0,0,Jared Cannonier,Marvin Vettori,0.0,0.0,82.0,24.0,65.0,48.0,94.0,24.0,0.0,0.0,,,0.0,0.0,0.0,0.0,46.0,0.0,0.0,0.0,49.0,31.0,60.0,62.0,52.0,31.0,1.0,1.0,50.0,100.0,0.0,0.0,0.0,0.0,43.0,23.0,29,38,14,31,8,3,7,4,28,37,1,1,0,0,82.0,24.0,62.0,21.0,15.0,2.0,5.0,1.0,58.0,22.0,12.0,2.0,12.0,0.0,49.0,31.0,36.0,23.0,8.0,3.0,5.0,5.0,41.0,30.0,7.0,1.0,1.0,0.0,0,U-DEC,0.0,0.0,32.0,37.0,56.0,48.0,32.0,37.0,1.0,0.0,50.0,,0.0,0.0,0.0,0.0,34.0,0.0,0.0,0.0,49.0,23.0,59.0,42.0,50.0,24.0,2.0,0.0,100.0,,0.0,0.0,0.0,0.0,64.0,5.0,32.0,37.0,22.0,26.0,3.0,4.0,7.0,7.0,32.0,37.0,0.0,0.0,0.0,0.0,49.0,23.0,39.0,16.0,5.0,3.0,5.0,4.0,36.0,22.0,6.0,1.0,7.0,0.0,9,9,9,10,10,10,10,10,10,10,10,9,10,10,10,49,49,48,10,10,10,8,8,8,9,9,9,9,9,10,9,9,9,45,45,46
0,0,27,37,52.0,56.0,27,37,0,0,,0.0,0,0,0,0,0,0,Christian Leroy Duncan,Armen Petrosyan,0.0,0.0,20.0,36.0,46.0,58.0,25.0,46.0,0.0,0.0,0.0,,0.0,0.0,0.0,0.0,41.0,64.0,0.0,0.0,12.0,16.0,42.0,57.0,21.0,28.0,0.0,1.0,,100.0,0.0,0.0,0.0,0.0,28.0,137.0,27,37,10,10,6,6,11,21,27,36,0,1,0,0,20.0,36.0,6.0,19.0,2.0,8.0,12.0,9.0,20.0,26.0,0.0,9.0,0.0,1.0,12.0,16.0,7.0,8.0,0.0,1.0,5.0,7.0,11.0,15.0,0.0,0.0,1.0,1.0,1,U-DEC,,,,,,,,,,,,,,,,,,,,,,,,,,,,,,,,,,,,,,,,,,,,,,,,,,,,,,,,,,,,,,,,,9,9,9,9,9,9,10,10,9,,,,,,,28,28,27,10,10,10,10,10,10,9,9,10,,,,,,,29,29,30
0,0,27,21,60.0,47.0,27,22,1,0,100.0,,0,0,0,0,18,7,Muslim Salikhov,Nicolas Dalby,0.0,0.0,10.0,17.0,71.0,62.0,18.0,24.0,1.0,1.0,100.0,33.0,0.0,0.0,0.0,0.0,27.0,201.0,0.0,0.0,20.0,48.0,68.0,69.0,25.0,58.0,0.0,1.0,,50.0,0.0,0.0,0.0,0.0,10.0,188.0,27,21,14,7,11,6,2,8,27,17,0,4,0,0,10.0,17.0,5.0,9.0,5.0,7.0,0.0,1.0,8.0,6.0,2.0,8.0,0.0,3.0,20.0,48.0,15.0,25.0,5.0,23.0,0.0,0.0,12.0,20.0,8.0,24.0,0.0,4.0,1,U-DEC,,,,,,,,,,,,,,,,,,,,,,,,,,,,,,,,,,,,,,,,,,,,,,,,,,,,,,,,,,,,,,,,,10,9,9,9,9,9,9,9,9,,,,,,,28,27,27,9,10,10,10,10,10,10,10,10,,,,,,,29,30,30
0,0,22,35,45.0,49.0,22,36,0,0,0.0,0.0,0,0,0,0,9,9,Denys Bondar,Carlos Hernandez,0.0,0.0,33.0,27.0,54.0,32.0,34.0,31.0,1.0,0.0,50.0,0.0,0.0,0.0,0.0,0.0,14.0,8.0,0.0,0.0,21.0,40.0,34.0,50.0,26.0,41.0,1.0,2.0,50.0,66.0,0.0,0.0,0.0,0.0,6.0,23.0,22,35,6,28,12,6,4,1,17,29,5,6,0,0,33.0,27.0,20.0,23.0,11.0,4.0,2.0,0.0,30.0,22.0,2.0,5.0,1.0,0.0,21.0,40.0,11.0,36.0,6.0,2.0,4.0,2.0,21.0,27.0,0.0,6.0,0.0,7.0,1,U-DEC,,,,,,,,,,,,,,,,,,,,,,,,,,,,,,,,,,,,,,,,,,,,,,,,,,,,,,,,,,,,,,,,,9,10,9,9,9,9,9,9,9,,,,,,,27,28,27,10,9,10,10,10,10,10,10,10,,,,,,,30,29,30
0,0,6,13,46.0,37.0,9,56,0,1,,50.0,0,0,0,0,0,182,Gabriella Fernandes,Tereza Bleda,0.0,0.0,2.0,14.0,50.0,66.0,16.0,38.0,0.0,1.0,,25.0,0.0,0.0,0.0,0.0,10.0,269.0,0.0,0.0,15.0,30.0,50.0,69.0,22.0,87.0,0.0,1.0,,25.0,0.0,0.0,0.0,0.0,0.0,200.0,6,13,1,5,2,3,3,5,6,7,0,2,0,4,2.0,14.0,0.0,9.0,0.0,5.0,2.0,0.0,2.0,0.0,0.0,5.0,0.0,9.0,15.0,30.0,10.0,24.0,3.0,4.0,2.0,2.0,14.0,10.0,1.0,0.0,0.0,20.0,1,U-DEC,,,,,,,,,,,,,,,,,,,,,,,,,,,,,,,,,,,,,,,,,,,,,,,,,,,,,,,,,,,,,,,,,9,9,9,9,9,9,9,9,9,,,,,,,27,27,27,10,10,10,10,10,10,10,10,10,,,,,,,30,30,30
0,0,13,15,44.0,51.0,14,20,0,1,,33.0,0,0,0,0,0,124,Modestas Bukauskas,Zac Pauga,0.0,0.0,23.0,27.0,57.0,56.0,23.0,27.0,0.0,0.0,,0.0,0.0,0.0,0.0,0.0,1.0,10.0,0.0,0.0,20.0,25.0,46.0,62.0,25.0,25.0,0.0,0.0,,0.0,0.0,0.0,0.0,0.0,79.0,3.0,13,15,9,11,2,2,2,2,12,11,0,2,1,2,23.0,27.0,18.0,14.0,3.0,10.0,2.0,3.0,21.0,26.0,2.0,1.0,0.0,0.0,20.0,25.0,15.0,10.0,5.0,13.0,0.0,2.0,17.0,21.0,3.0,4.0,0.0,0.0,0,U-DEC,,,,,,,,,,,,,,,,,,,,,,,,,,,,,,,,,,,,,,,,,,,,,,,,,,,,,,,,,,,,,,,,,10,10,10,9,9,10,10,10,10,,,,,,,29,29,30,9,9,9,10,10,9,9,9,9,,,,,,,28,28,27
0,0,8,21,25.0,37.0,8,21,0,0,,0.0,0,0,0,0,0,1,Irene Aldana,Amanda Nunes,0.0,0.0,11.0,31.0,28.0,50.0,11.0,31.0,0.0,1.0,,50.0,0.0,0.0,0.0,0.0,0.0,5.0,0.0,0.0,8.0,23.0,36.0,48.0,8.0,25.0,0.0,3.0,,75.0,0.0,0.0,0.0,0.0,3.0,125.0,8,21,5,9,0,9,3,3,8,21,0,0,0,0,11.0,31.0,4.0,16.0,0.0,7.0,7.0,8.0,11.0,30.0,0.0,1.0,0.0,0.0,8.0,23.0,7.0,20.0,0.0,3.0,1.0,0.0,7.0,18.0,0.0,1.0,1.0,4.0,1,U-DEC,0.0,0.0,13.0,48.0,27.0,62.0,13.0,49.0,0.0,1.0,,25.0,0.0,0.0,0.0,0.0,7.0,13.0,0.0,0.0,1.0,19.0,25.0,73.0,17.0,70.0,0.0,1.0,,50.0,0.0,0.0,0.0,0.0,0.0,276.0,13.0,48.0,9.0,36.0,2.0,6.0,2.0,6.0,10.0,45.0,3.0,3.0,0.0,0.0,1.0,19.0,0.0,16.0,1.0,3.0,0.0,0.0,0.0,1.0,0.0,0.0,1.0,18.0,9,9,9,9,9,9,9,9,9,9,9,8,8,8,8,44,44,43,10,10,10,10,10,10,10,10,10,10,10,10,10,10,10,50,50,50
0,0,12,14,27.0,31.0,12,14,0,0,0.0,,0,0,0,0,0,0,Nate Landwehr,Dan Ige,0.0,1.0,30.0,41.0,43.0,52.0,30.0,41.0,0.0,0.0,0.0,,0.0,0.0,0.0,0.0,0.0,22.0,0.0,0.0,32.0,33.0,39.0,54.0,32.0,33.0,0.0,0.0,0.0,,0.0,0.0,0.0,0.0,26.0,19.0,12,14,9,8,1,4,2,2,9,14,3,0,0,0,30.0,41.0,20.0,28.0,7.0,10.0,3.0,3.0,23.0,34.0,6.0,3.0,1.0,4.0,32.0,33.0,25.0,25.0,5.0,5.0,2.0,3.0,23.0,30.0,9.0,3.0,0.0,0.0,1,U-DEC,,,,,,,,,,,,,,,,,,,,,,,,,,,,,,,,,,,,,,,,,,,,,,,,,,,,,,,,,,,,,,,,,9,9,9,9,9,9,10,10,9,,,,,,,28,28,27,10,10,10,10,10,10,9,9,10,,,,,,,29,29,30
0,1,37,30,59.0,61.0,38,37,0,0,0.0,,0,0,0,0,100,40,Eryk Anders,Marc-Andre Barriault,0.0,0.0,24.0,24.0,47.0,39.0,24.0,24.0,1.0,0.0,33.0,,0.0,0.0,0.0,0.0,59.0,0.0,0.0,0.0,22.0,41.0,39.0,50.0,25.0,42.0,0.0,0.0,0.0,,0.0,0.0,0.0,0.0,39.0,0.0,37,30,18,23,19,7,0,0,10,10,27,18,0,2,24.0,24.0,12.0,11.0,10.0,13.0,2.0,0.0,14.0,20.0,10.0,4.0,0.0,0.0,22.0,41.0,12.0,28.0,10.0,12.0,0.0,1.0,17.0,37.0,5.0,4.0,0.0,0.0,1,U-DEC,,,,,,,,,,,,,,,,,,,,,,,,,,,,,,,,,,,,,,,,,,,,,,,,,,,,,,,,,,,,,,,,,9,9,9,9,9,9,9,9,9,,,,,,,27,27,27,10,10,10,10,10,10,10,10,10,,,,,,,30,30,30
0,0,10,20,43.0,74.0,18,25,1,0,100.0,0.0,0,0,0,0,168,7,Jasmine Jasudavicius,Miranda Maverick,0.0,0.0,12.0,15.0,36.0,50.0,47.0,15.0,0.0,0.0,,0.0,0.0,0.0,0.0,0.0,201.0,0.0,0.0,0.0,45.0,28.0,44.0,40.0,50.0,28.0,0.0,0.0,,0.0,0.0,0.0,0.0,0.0,86.0,0.0,10,20,6,5,4,9,0,6,6,13,4,7,0,0,12.0,15.0,7.0,9.0,5.0,2.0,0.0,4.0,7.0,15.0,5.0,0.0,0.0,0.0,45.0,28.0,39.0,19.0,6.0,6.0,0.0,3.0,40.0,28.0,4.0,0.0,1.0,0.0,0,U-DEC,,,,,,,,,,,,,,,,,,,,,,,,,,,,,,,,,,,,,,,,,,,,,,,,,,,,,,,,,,,,,,,,,9,9,9,10,10,10,10,10,10,,,,,,,29,29,29,10,10,10,9,9,9,9,9,9,,,,,,,28,28,28
0,0,22,19,43.0,40.0,42,28,0,0,0.0,,0,0,0,0,22,78,Blake Bilder,Kyle Nelson,0.0,0.0,12.0,19.0,40.0,48.0,12.0,23.0,0.0,0.0,0.0,,0.0,0.0,0.0,0.0,74.0,0.0,0.0,0.0,11.0,21.0,28.0,52.0,30.0,32.0,0.0,0.0,0.0,0.0,0.0,0.0,0.0,0.0,69.0,63.0,22,19,15,10,0,6,7,3,22,17,0,2,0,0,12.0,19.0,4.0,8.0,1.0,5.0,7.0,6.0,12.0,19.0,0.0,0.0,0.0,0.0,11.0,21.0,7.0,6.0,1.0,9.0,3.0,6.0,11.0,21.0,0.0,0.0,0.0,0.0,1,U-DEC,,,,,,,,,,,,,,,,,,,,,,,,,,,,,,,,,,,,,,,,,,,,,,,,,,,,,,,,,,,,,,,,,9,9,9,9,9,9,9,10,9,,,,,,,27,28,27,10,10,10,10,10,10,10,9,10,,,,,,,30,29,30
0,0,16,20,28.0,43.0,16,20,0,0,,,0,0,0,0,0,0,Steve Erceg,David Dvorak,0.0,0.0,18.0,23.0,35.0,46.0,18.0,23.0,0.0,0.0,0.0,,1.0,0.0,0.0,0.0,4.0,70.0,0.0,0.0,20.0,10.0,60.0,52.0,22.0,13.0,3.0,1.0,100.0,33.0,0.0,0.0,0.0,0.0,85.0,47.0,16,20,8,8,1,3,7,9,16,20,0,0,0,0,18.0,23.0,11.0,12.0,6.0,4.0,1.0,7.0,15.0,19.0,2.0,1.0,1.0,3.0,20.0,10.0,9.0,6.0,9.0,3.0,2.0,1.0,15.0,7.0,5.0,3.0,0.0,0.0,0,U-DEC,,,,,,,,,,,,,,,,,,,,,,,,,,,,,,,,,,,,,,,,,,,,,,,,,,,,,,,,,,,,,,,,,9,9,10,10,10,10,10,10,10,,,,,,,29,29,30,10,10,9,9,9,9,9,9,9,,,,,,,28,28,27
0,0,28,41,42.0,48.0,36,60,1,0,100.0,,0,0,0,0,80,22,Maria Oliveira,Diana Belbita,0.0,0.0,7.0,22.0,41.0,59.0,19.0,49.0,1.0,1.0,100.0,50.0,0.0,0.0,0.0,0.0,157.0,89.0,0.0,0.0,29.0,43.0,34.0,49.0,30.0,45.0,0.0,0.0,0.0,,0.0,0.0,0.0,0.0,9.0,13.0,28,41,19,30,6,4,3,7,28,33,0,4,0,4,7.0,22.0,5.0,9.0,1.0,11.0,1.0,2.0,6.0,6.0,0.0,12.0,1.0,4.0,29.0,43.0,21.0,32.0,4.0,5.0,4.0,6.0,28.0,37.0,1.0,6.0,0.0,0.0,1,U-DEC,,,,,,,,,,,,,,,,,,,,,,,,,,,,,,,,,,,,,,,,,,,,,,,,,,,,,,,,,,,,,,,,,9,9,9,9,9,9,9,10,9,,,,,,,27,28,27,10,10,10,10,10,10,10,9,10,,,,,,,30,29,30
0,0,6,13,26.0,32.0,12,20,0,0,0.0,,0,0,0,0,61,0,Amir Albazi,Kai Kara-France,0.0,0.0,11.0,16.0,29.0,29.0,12.0,17.0,0.0,0.0,0.0,,0.0,0.0,0.0,0.0,17.0,0.0,0.0,0.0,3.0,9.0,33.0,47.0,15.0,30.0,1.0,1.0,50.0,100.0,1.0,0.0,0.0,0.0,216.0,47.0,6,13,2,7,2,1,2,5,6,13,0,0,0,0,11.0,16.0,8.0,10.0,2.0,2.0,1.0,4.0,11.0,16.0,0.0,0.0,0.0,0.0,3.0,9.0,3.0,8.0,0.0,0.0,0.0,1.0,0.0,1.0,0.0,0.0,3.0,8.0,0,S-DEC,0.0,0.0,5.0,27.0,17.0,41.0,7.0,29.0,0.0,1.0,0.0,100.0,0.0,0.0,0.0,0.0,23.0,11.0,0.0,0.0,18.0,34.0,38.0,32.0,18.0,37.0,0.0,0.0,0.0,,0.0,0.0,0.0,0.0,53.0,0.0,5.0,27.0,2.0,12.0,2.0,7.0,1.0,8.0,5.0,26.0,0.0,1.0,0.0,0.0,18.0,34.0,16.0,20.0,0.0,10.0,2.0,4.0,17.0,34.0,1.0,0.0,0.0,0.0,9,10,9,10,10,10,10,10,10,9,9,10,9,9,9,47,48,48,10,9,10,9,9,9,9,9,9,10,10,9,10,10,10,48,47,47
0,0,5,15,71.0,50.0,11,29,1,0,16.0,0.0,1,0,0,0,16,182,Daniel Pineda,Alex Caceres,0.0,0.0,9.0,5.0,64.0,55.0,19.0,7.0,2.0,0.0,66.0,,0.0,0.0,1.0,1.0,216.0,43.0,0.0,0.0,13.0,40.0,37.0,66.0,13.0,50.0,0.0,1.0,0.0,100.0,0.0,0.0,0.0,0.0,5.0,41.0,5,15,1,9,0,5,4,1,5,6,0,5,0,4,9.0,5.0,8.0,2.0,1.0,3.0,0.0,0.0,4.0,3.0,2.0,2.0,3.0,0.0,13.0,40.0,6.0,21.0,2.0,18.0,5.0,1.0,13.0,36.0,0.0,4.0,0.0,0.0,1,U-DEC,,,,,,,,,,,,,,,,,,,,,,,,,,,,,,,,,,,,,,,,,,,,,,,,,,,,,,,,,,,,,,,,,9,9,9,10,10,10,9,9,9,,,,,,,28,28,28,10,10,10,9,9,9,10,10,10,,,,,,,29,29,29
0,0,2,9,25.0,64.0,47,44,0,2,,100.0,0,0,0,0,0,283,Victor Altamirano,Tim Elliott,0.0,0.0,7.0,5.0,53.0,55.0,35.0,49.0,1.0,2.0,100.0,66.0,0.0,0.0,0.0,0.0,64.0,188.0,0.0,0.0,10.0,14.0,55.0,41.0,20.0,60.0,0.0,2.0,,100.0,0.0,0.0,0.0,0.0,0.0,202.0,2,9,0,8,1,1,1,0,2,0,0,0,0,9,7.0,5.0,4.0,4.0,2.0,1.0,1.0,0.0,6.0,1.0,1.0,2.0,0.0,2.0,10.0,14.0,6.0,10.0,3.0,2.0,1.0,2.0,7.0,5.0,3.0,2.0,0.0,7.0,1,U-DEC,,,,,,,,,,,,,,,,,,,,,,,,,,,,,,,,,,,,,,,,,,,,,,,,,,,,,,,,,,,,,,,,,9,9,9,9,10,9,9,9,9,,,,,,,27,28,27,10,10,10,10,9,10,10,10,10,,,,,,,30,29,30
0,0,10,12,29.0,75.0,10,15,0,0,0.0,0.0,0,0,0,0,0,159,Elizeu Zaleski dos Santos,Abubakar Nurmagomedov,0.0,0.0,14.0,5.0,43.0,31.0,19.0,20.0,0.0,1.0,,100.0,0.0,0.0,0.0,0.0,6.0,140.0,0.0,0.0,18.0,12.0,38.0,54.0,21.0,13.0,0.0,0.0,0.0,0.0,0.0,0.0,0.0,0.0,9.0,77.0,10,12,3,5,5,2,2,5,5,6,5,6,0,0,14.0,5.0,3.0,2.0,4.0,2.0,7.0,1.0,10.0,5.0,4.0,0.0,0.0,0.0,18.0,12.0,10.0,6.0,4.0,2.0,4.0,4.0,12.0,12.0,6.0,0.0,0.0,0.0,0,S-DEC,,,,,,,,,,,,,,,,,,,,,,,,,,,,,,,,,,,,,,,,,,,,,,,,,,,,,,,,,,,,,,,,,9,10,9,9,9,10,10,10,10,,,,,,,28,29,29,10,9,10,10,10,9,9,9,9,,,,,,,29,28,28
0,0,8,7,47.0,25.0,25,21,0,0,0.0,0.0,1,0,0,0,21,174,Johnny Munoz,Daniel Santos,0.0,0.0,6.0,29.0,40.0,70.0,19.0,65.0,0.0,1.0,0.0,100.0,0.0,0.0,0.0,0.0,25.0,241.0,0.0,0.0,4.0,14.0,57.0,63.0,20.0,48.0,1.0,2.0,33.0,100.0,0.0,0.0,0.0,1.0,33.0,232.0,8,7,3,3,4,3,1,1,7,5,1,1,0,1,6.0,29.0,3.0,18.0,2.0,8.0,1.0,3.0,6.0,2.0,0.0,2.0,0.0,25.0,4.0,14.0,2.0,9.0,2.0,4.0,0.0,1.0,2.0,3.0,2.0,3.0,0.0,8.0,1,U-DEC,,,,,,,,,,,,,,,,,,,,,,,,,,,,,,,,,,,,,,,,,,,,,,,,,,,,,,,,,,,,,,,,,9,9,9,9,9,9,9,9,9,,,,,,,27,27,27,10,10,10,10,10,10,9,9,9,,,,,,,29,29,29
0,1,21,18,47.0,56.0,21,25,0,0,0.0,,0,0,0,0,11,51,Muin Gafurov,John Castaneda,0.0,0.0,29.0,15.0,33.0,37.0,44.0,25.0,0.0,1.0,0.0,33.0,0.0,0.0,0.0,0.0,74.0,40.0,0.0,0.0,11.0,7.0,40.0,43.0,28.0,20.0,0.0,2.0,0.0,66.0,0.0,0.0,0.0,0.0,30.0,165.0,21,18,14,11,4,2,3,5,17,16,4,0,0,2,29.0,15.0,23.0,14.0,5.0,1.0,1.0,0.0,20.0,15.0,9.0,0.0,0.0,0.0,11.0,7.0,8.0,5.0,2.0,1.0,1.0,1.0,10.0,6.0,1.0,1.0,0.0,0.0,1,U-DEC,,,,,,,,,,,,,,,,,,,,,,,,,,,,,,,,,,,,,,,,,,,,,,,,,,,,,,,,,,,,,,,,,9,9,9,9,9,9,9,9,9,,,,,,,27,27,27,10,10,10,9,9,9,10,10,10,,,,,,,29,29,29
0,0,11,14,42.0,43.0,16,36,2,0,66.0,,0,0,0,0,112,13,Jinh Yu Frey,Elise Reed,0.0,0.0,7.0,19.0,25.0,57.0,12.0,31.0,1.0,0.0,50.0,,0.0,0.0,0.0,0.0,116.0,34.0,0.0,0.0,10.0,20.0,26.0,36.0,14.0,27.0,0.0,0.0,0.0,0.0,0.0,0.0,0.0,0.0,21.0,42.0,11,14,9,4,0,6,2,4,10,11,1,3,0,0,7.0,19.0,1.0,6.0,2.0,5.0,4.0,8.0,7.0,17.0,0.0,2.0,0.0,0.0,10.0,20.0,5.0,6.0,2.0,10.0,3.0,4.0,9.0,17.0,1.0,3.0,0.0,0.0,1,U-DEC,,,,,,,,,,,,,,,,,,,,,,,,,,,,,,,,,,,,,,,,,,,,,,,,,,,,,,,,,,,,,,,,,10,10,10,9,9,9,9,9,9,,,,,,,28,28,28,9,9,9,10,10,10,10,10,10,,,,,,,29,29,29
0,0,16,17,55.0,40.0,27,21,0,0,0.0,,0,0,0,0,24,122,Maxim Grishin,Philipe Lins,0.0,0.0,14.0,12.0,46.0,36.0,36.0,12.0,0.0,1.0,,50.0,0.0,0.0,0.0,0.0,7.0,160.0,0.0,0.0,11.0,16.0,52.0,51.0,40.0,17.0,0.0,0.0,0.0,0.0,0.0,0.0,0.0,0.0,5.0,222.0,16,17,8,7,2,8,6,2,13,14,3,3,0,0,14.0,12.0,4.0,5.0,3.0,5.0,7.0,2.0,9.0,9.0,5.0,3.0,0.0,0.0,11.0,16.0,8.0,10.0,1.0,4.0,2.0,2.0,7.0,13.0,4.0,3.0,0.0,0.0,1,U-DEC,,,,,,,,,,,,,,,,,,,,,,,,,,,,,,,,,,,,,,,,,,,,,,,,,,,,,,,,,,,,,,,,,9,9,9,9,9,9,10,9,10,,,,,,,28,27,28,10,10,10,10,10,10,9,10,9,,,,,,,29,30,29
0,1,12,23,75.0,54.0,15,37,0,0,,0.0,0,0,0,0,62,188,Angela Hill,Mackenzie Dern,0.0,0.0,27.0,22.0,67.0,44.0,41.0,31.0,0.0,0.0,,0.0,0.0,0.0,0.0,0.0,213.0,0.0,0.0,0.0,1.0,30.0,12.0,76.0,3.0,70.0,0.0,1.0,,50.0,0.0,0.0,0.0,0.0,64.0,203.0,12,23,5,19,7,4,0,0,8,12,3,5,1,6,27.0,22.0,10.0,13.0,17.0,7.0,0.0,2.0,9.0,17.0,18.0,5.0,0.0,0.0,1.0,30.0,1.0,29.0,0.0,1.0,0.0,0.0,1.0,6.0,0.0,0.0,0.0,24.0,1,U-DEC,0.0,0.0,23.0,24.0,60.0,48.0,31.0,34.0,0.0,1.0,,50.0,0.0,0.0,0.0,0.0,92.0,123.0,0.0,0.0,3.0,27.0,50.0,90.0,4.0,75.0,0.0,1.0,,100.0,0.0,0.0,0.0,0.0,0.0,278.0,23.0,24.0,10.0,16.0,13.0,6.0,0.0,2.0,14.0,15.0,9.0,9.0,0.0,0.0,3.0,27.0,1.0,27.0,2.0,0.0,0.0,0.0,3.0,8.0,0.0,0.0,0.0,19.0,9,9,8,10,10,10,8,8,8,9,9,9,8,8,8,44,44,43,10,10,10,9,9,9,10,10,10,10,10,10,10,10,10,49,49,49
0,0,49,34,60.0,41.0,49,34,0,0,0.0,0.0,0,0,0,0,0,11,Loopy Godinez,Emily Ducote,0.0,0.0,43.0,43.0,55.0,42.0,43.0,43.0,0.0,0.0,0.0,0.0,0.0,0.0,0.0,0.0,0.0,0.0,0.0,0.0,40.0,35.0,45.0,40.0,41.0,40.0,1.0,0.0,100.0,0.0,0.0,0.0,0.0,0.0,13.0,0.0,49,34,39,19,4,7,6,8,46,32,3,2,0,0,43.0,43.0,36.0,28.0,4.0,8.0,3.0,7.0,36.0,40.0,7.0,3.0,0.0,0.0,40.0,35.0,31.0,24.0,4.0,6.0,5.0,5.0,39.0,34.0,1.0,1.0,0.0,0.0,0,U-DEC,,,,,,,,,,,,,,,,,,,,,,,,,,,,,,,,,,,,,,,,,,,,,,,,,,,,,,,,,,,,,,,,,10,10,10,10,10,10,10,9,9,,,,,,,30,29,29,9,9,9,9,9,9,9,10,10,,,,,,,27,28,28
0,0,28,42,39.0,50.0,36,42,0,0,0.0,,0,0,0,0,0,23,Vanessa Demopoulos,Karolina Kowalkiewicz,0.0,0.0,22.0,55.0,25.0,67.0,22.0,56.0,0.0,0.0,0.0,,0.0,0.0,0.0,0.0,0.0,0.0,0.0,0.0,18.0,42.0,28.0,59.0,25.0,50.0,0.0,0.0,0.0,,0.0,0.0,0.0,0.0,0.0,89.0,28,42,20,33,4,7,4,2,25,37,3,5,0,0,22.0,55.0,13.0,30.0,7.0,16.0,2.0,9.0,22.0,55.0,0.0,0.0,0.0,0.0,18.0,42.0,16.0,31.0,2.0,7.0,0.0,4.0,18.0,42.0,0.0,0.0,0.0,0.0,1,U-DEC,,,,,,,,,,,,,,,,,,,,,,,,,,,,,,,,,,,,,,,,,,,,,,,,,,,,,,,,,,,,,,,,,9,9,9,9,9,9,9,9,9,,,,,,,27,27,27,10,10,10,10,10,10,10,10,10,,,,,,,30,30,30
0,0,34,28,46.0,63.0,34,28,0,0,,0.0,0,0,0,0,0,0,Rodrigo Nascimento,Ilir Latifi,0.0,0.0,15.0,11.0,41.0,64.0,17.0,38.0,0.0,1.0,,100.0,0.0,0.0,0.0,0.0,0.0,132.0,0.0,0.0,19.0,10.0,44.0,62.0,25.0,10.0,0.0,1.0,,20.0,0.0,0.0,0.0,0.0,0.0,98.0,34,28,26,8,7,13,1,7,29,27,5,1,0,0,15.0,11.0,10.0,5.0,1.0,3.0,4.0,3.0,14.0,9.0,1.0,0.0,0.0,2.0,19.0,10.0,15.0,7.0,2.0,2.0,2.0,1.0,18.0,10.0,1.0,0.0,0.0,0.0,0,S-DEC,,,,,,,,,,,,,,,,,,,,,,,,,,,,,,,,,,,,,,,,,,,,,,,,,,,,,,,,,,,,,,,,,10,10,10,9,9,9,10,10,9,,,,,,,29,29,28,9,9,9,10,10,10,9,9,10,,,,,,,28,28,29
0,0,17,60,53.0,59.0,20,68,1,0,33.0,0.0,0,0,0,0,92,55,Nick Fiore,Chase Hooper,0.0,0.0,15.0,56.0,48.0,62.0,16.0,74.0,2.0,0.0,100.0,0.0,0.0,1.0,0.0,0.0,96.0,54.0,0.0,0.0,19.0,33.0,70.0,61.0,22.0,75.0,1.0,1.0,33.0,50.0,0.0,0.0,0.0,1.0,99.0,125.0,17,60,17,44,0,11,0,5,12,35,4,22,1,3,15.0,56.0,14.0,43.0,1.0,12.0,0.0,1.0,12.0,36.0,2.0,17.0,1.0,3.0,19.0,33.0,18.0,23.0,0.0,8.0,1.0,2.0,10.0,26.0,5.0,3.0,4.0,4.0,1,U-DEC,,,,,,,,,,,,,,,,,,,,,,,,,,,,,,,,,,,,,,,,,,,,,,,,,,,,,,,,,,,,,,,,,9,8,9,9,9,9,9,9,9,,,,,,,27,26,27,10,10,10,10,10,10,10,10,10,,,,,,,30,30,30
0,0,7,3,43.0,37.0,39,15,1,1,33.0,50.0,0,0,1,0,238,32,Themba Gorimbo,Takashi Sato,1.0,0.0,18.0,14.0,60.0,82.0,40.0,21.0,1.0,1.0,50.0,25.0,0.0,0.0,1.0,0.0,200.0,74.0,0.0,0.0,8.0,13.0,80.0,59.0,31.0,20.0,1.0,0.0,33.0,,0.0,0.0,0.0,1.0,237.0,35.0,7,3,1,2,6,1,0,0,1,0,6,3,0,0,18.0,14.0,15.0,9.0,3.0,5.0,0.0,0.0,5.0,1.0,2.0,11.0,11.0,2.0,8.0,13.0,5.0,10.0,3.0,3.0,0.0,0.0,6.0,4.0,1.0,1.0,1.0,8.0,0,U-DEC,,,,,,,,,,,,,,,,,,,,,,,,,,,,,,,,,,,,,,,,,,,,,,,,,,,,,,,,,,,,,,,,,10,10,10,10,10,10,10,10,10,,,,,,,30,30,30,9,9,9,9,9,9,9,9,9,,,,,,,27,27,27
0,0,28,10,48.0,45.0,28,12,1,1,100.0,50.0,0,0,0,0,6,82,Johnny Walker,Anthony Smith,0.0,0.0,31.0,18.0,52.0,52.0,31.0,18.0,0.0,0.0,,,0.0,0.0,0.0,0.0,0.0,0.0,0.0,0.0,33.0,10.0,44.0,27.0,40.0,11.0,0.0,0.0,,0.0,0.0,0.0,0.0,0.0,26.0,0.0,28,10,16,8,3,2,9,0,19,10,6,0,3,0,31.0,18.0,7.0,8.0,4.0,2.0,20.0,8.0,31.0,18.0,0.0,0.0,0.0,0.0,33.0,10.0,9.0,3.0,2.0,6.0,22.0,1.0,31.0,10.0,0.0,0.0,2.0,0.0,0,U-DEC,,,,,,,,,,,,,,,,,,,,,,,,,,,,,,,,,,,,,,,,,,,,,,,,,,,,,,,,,,,,,,,,,10,10,10,10,10,9,10,10,10,,,,,,,30,30,29,9,9,9,9,9,10,9,9,9,,,,,,,27,27,28
0,0,11,19,28.0,44.0,17,34,0,1,,33.0,0,0,0,0,0,101,Chase Sherman,Karl Williams,0.0,0.0,13.0,23.0,23.0,36.0,15.0,23.0,0.0,0.0,,0.0,0.0,0.0,0.0,0.0,0.0,23.0,0.0,0.0,30.0,28.0,47.0,47.0,32.0,28.0,0.0,0.0,,0.0,0.0,0.0,0.0,0.0,12.0,31.0,11,19,6,14,0,2,5,3,10,14,1,2,0,3,13.0,23.0,5.0,17.0,1.0,2.0,7.0,4.0,13.0,23.0,0.0,0.0,0.0,0.0,30.0,28.0,15.0,22.0,9.0,2.0,6.0,4.0,23.0,28.0,7.0,0.0,0.0,0.0,1,U-DEC,,,,,,,,,,,,,,,,,,,,,,,,,,,,,,,,,,,,,,,,,,,,,,,,,,,,,,,,,,,,,,,,,9,9,9,9,9,10,9,9,9,,,,,,,27,27,28,10,10,10,10,10,9,10,10,10,,,,,,,30,30,29
0,0,23,14,31.0,35.0,23,14,0,1,0.0,50.0,0,0,0,0,0,6,Douglas Silva de Andrade,Cody Stamann,0.0,0.0,21.0,14.0,40.0,31.0,21.0,14.0,0.0,0.0,,0.0,0.0,0.0,0.0,0.0,0.0,21.0,0.0,1.0,17.0,26.0,31.0,46.0,28.0,38.0,0.0,0.0,,,0.0,0.0,0.0,0.0,0.0,92.0,23,14,7,8,7,5,9,1,22,14,1,0,0,0,21.0,14.0,4.0,10.0,9.0,1.0,8.0,3.0,21.0,14.0,0.0,0.0,0.0,0.0,17.0,26.0,6.0,22.0,7.0,3.0,4.0,1.0,17.0,21.0,0.0,0.0,0.0,5.0,0,U-DEC,,,,,,,,,,,,,,,,,,,,,,,,,,,,,,,,,,,,,,,,,,,,,,,,,,,,,,,,,,,,,,,,,10,10,10,10,10,10,9,9,9,,,,,,,29,29,29,9,9,9,9,9,9,10,10,10,,,,,,,28,28,28
0,0,3,1,100.0,20.0,7,1,1,0,50.0,,1,0,1,1,119,163,Mandy Bohm,Ji Yeon Kim,0.0,0.0,12.0,9.0,52.0,34.0,14.0,16.0,1.0,0.0,33.0,,0.0,1.0,0.0,0.0,102.0,114.0,0.0,0.0,2.0,0.0,40.0,0.0,4.0,15.0,0.0,0.0,0.0,0.0,0.0,0.0,0.0,0.0,24.0,67.0,3,1,2,1,0,0,1,0,1,1,0,0,2,0,12.0,9.0,7.0,4.0,1.0,3.0,4.0,2.0,9.0,6.0,3.0,3.0,0.0,0.0,2.0,0.0,0.0,0.0,2.0,0.0,0.0,0.0,0.0,0.0,2.0,0.0,0.0,0.0,0,S-DEC,,,,,,,,,,,,,,,,,,,,,,,,,,,,,,,,,,,,,,,,,,,,,,,,,,,,,,,,,,,,,,,,,10,9,10,9,9,9,9,9,9,,,,,,,28,27,28,9,10,9,9,9,9,9,9,9,,,,,,,27,28,27
0,0,7,20,38.0,58.0,15,29,1,2,100.0,66.0,0,0,0,0,107,97,Henry Cejudo,Aljamain Sterling,0.0,0.0,31.0,29.0,58.0,52.0,31.0,29.0,0.0,0.0,0.0,0.0,0.0,0.0,0.0,0.0,2.0,0.0,0.0,0.0,15.0,26.0,51.0,89.0,38.0,45.0,1.0,1.0,100.0,16.0,0.0,0.0,0.0,0.0,103.0,90.0,7,20,3,5,1,10,3,5,7,12,0,3,0,5,31.0,29.0,10.0,10.0,7.0,11.0,14.0,8.0,29.0,28.0,2.0,1.0,0.0,0.0,15.0,26.0,7.0,12.0,5.0,11.0,3.0,3.0,10.0,17.0,4.0,7.0,1.0,2.0,1,S-DEC,0.0,0.0,19.0,36.0,57.0,69.0,24.0,52.0,0.0,1.0,0.0,33.0,0.0,0.0,0.0,0.0,46.0,38.0,0.0,0.0,27.0,24.0,65.0,60.0,35.0,31.0,1.0,0.0,50.0,0.0,0.0,0.0,0.0,0.0,48.0,15.0,19.0,36.0,7.0,11.0,5.0,13.0,7.0,12.0,16.0,27.0,3.0,8.0,0.0,1.0,27.0,24.0,8.0,13.0,12.0,5.0,7.0,6.0,20.0,19.0,7.0,5.0,0.0,0.0,9,9,9,10,10,9,10,10,10,9,9,9,10,9,10,48,47,47,10,10,10,9,9,10,9,9,9,10,10,10,9,10,9,47,48,48
0,0,15,19,48.0,48.0,15,19,0,0,0.0,,0,0,0,0,0,0,Gilbert Burns,Belal Muhammad,0.0,0.0,15.0,18.0,53.0,35.0,15.0,18.0,0.0,0.0,,,0.0,0.0,0.0,0.0,0.0,0.0,0.0,0.0,14.0,25.0,63.0,42.0,14.0,25.0,0.0,0.0,,,0.0,0.0,0.0,0.0,0.0,0.0,15,19,7,9,3,9,5,1,15,19,0,0,0,0,15.0,18.0,6.0,11.0,0.0,7.0,9.0,0.0,15.0,18.0,0.0,0.0,0.0,0.0,14.0,25.0,7.0,20.0,3.0,5.0,4.0,0.0,14.0,25.0,0.0,0.0,0.0,0.0,1,U-DEC,0.0,0.0,16.0,28.0,69.0,51.0,16.0,28.0,0.0,0.0,0.0,,0.0,0.0,0.0,0.0,0.0,0.0,0.0,0.0,21.0,42.0,48.0,52.0,21.0,42.0,0.0,0.0,0.0,,0.0,0.0,0.0,0.0,0.0,0.0,16.0,28.0,6.0,18.0,4.0,10.0,6.0,0.0,16.0,28.0,0.0,0.0,0.0,0.0,21.0,42.0,9.0,34.0,3.0,8.0,9.0,0.0,21.0,42.0,0.0,0.0,0.0,0.0,9,9,9,9,9,9,9,9,9,9,10,9,9,9,10,45,46,46,10,10,10,10,10,10,10,10,10,10,9,10,10,10,9,50,49,49
0,0,17,16,62.0,72.0,28,65,0,1,,50.0,1,0,0,0,25,214,Diego Lopes,Movsar Evloev,0.0,0.0,10.0,39.0,41.0,59.0,10.0,79.0,0.0,1.0,,100.0,0.0,0.0,0.0,0.0,0.0,140.0,0.0,0.0,10.0,33.0,55.0,80.0,10.0,39.0,0.0,2.0,,50.0,3.0,0.0,1.0,0.0,16.0,156.0,17,16,13,14,0,1,4,1,10,6,0,1,7,9,10.0,39.0,7.0,37.0,3.0,2.0,0.0,0.0,10.0,22.0,0.0,0.0,0.0,17.0,10.0,33.0,9.0,25.0,1.0,0.0,0.0,8.0,7.0,17.0,3.0,10.0,0.0,6.0,1,U-DEC,,,,,,,,,,,,,,,,,,,,,,,,,,,,,,,,,,,,,,,,,,,,,,,,,,,,,,,,,,,,,,,,,10,9,9,9,9,9,9,10,9,,,,,,,28,28,27,9,10,10,10,10,10,10,9,10,,,,,,,29,29,30
0,0,21,12,45.0,54.0,34,48,0,0,,,0,0,0,0,93,29,Charles Jourdain,Kron Gracie,0.0,0.0,21.0,10.0,44.0,71.0,55.0,68.0,0.0,0.0,,,0.0,0.0,0.0,0.0,183.0,14.0,0.0,0.0,38.0,10.0,50.0,47.0,86.0,55.0,0.0,0.0,,,0.0,0.0,0.0,0.0,132.0,0.0,21,12,19,4,2,0,0,8,15,12,6,0,0,0,21.0,10.0,17.0,5.0,4.0,1.0,0.0,4.0,12.0,10.0,4.0,0.0,5.0,0.0,38.0,10.0,23.0,9.0,8.0,0.0,7.0,1.0,27.0,10.0,6.0,0.0,5.0,0.0,0,U-DEC,,,,,,,,,,,,,,,,,,,,,,,,,,,,,,,,,,,,,,,,,,,,,,,,,,,,,,,,,,,,,,,,,10,10,10,10,10,10,10,10,10,,,,,,,30,30,30,9,9,9,9,9,9,9,9,9,,,,,,,27,27,27
0,0,44,44,78.0,50.0,45,45,0,0,0.0,,0,0,0,0,0,48,Rolando Bedoya,Khaos Williams,0.0,0.0,40.0,39.0,66.0,43.0,40.0,39.0,0.0,0.0,,,0.0,0.0,0.0,0.0,0.0,18.0,0.0,0.0,65.0,47.0,69.0,44.0,65.0,47.0,0.0,0.0,0.0,,0.0,0.0,0.0,0.0,7.0,7.0,44,44,26,21,9,15,9,8,37,42,7,2,0,0,40.0,39.0,25.0,17.0,3.0,8.0,12.0,14.0,37.0,37.0,3.0,2.0,0.0,0.0,65.0,47.0,52.0,30.0,3.0,6.0,10.0,11.0,62.0,47.0,3.0,0.0,0.0,0.0,1,S-DEC,,,,,,,,,,,,,,,,,,,,,,,,,,,,,,,,,,,,,,,,,,,,,,,,,,,,,,,,,,,,,,,,,9,9,10,9,9,10,10,10,10,,,,,,,28,28,30,10,10,9,10,10,9,9,9,9,,,,,,,29,29,27
0,0,4,7,57.0,77.0,31,18,1,0,100.0,,0,0,0,0,276,0,Virna Jandiroba,Marina Rodriguez,0.0,0.0,11.0,5.0,68.0,45.0,34.0,27.0,1.0,0.0,25.0,,0.0,0.0,1.0,0.0,246.0,5.0,0.0,0.0,12.0,21.0,60.0,50.0,26.0,70.0,1.0,0.0,50.0,,0.0,0.0,0.0,0.0,200.0,0.0,4,7,4,6,0,0,0,1,0,1,0,0,4,6,11.0,5.0,11.0,2.0,0.0,3.0,0.0,0.0,0.0,0.0,3.0,2.0,8.0,3.0,12.0,21.0,10.0,19.0,1.0,2.0,1.0,0.0,7.0,9.0,2.0,1.0,3.0,11.0,0,U-DEC,,,,,,,,,,,,,,,,,,,,,,,,,,,,,,,,,,,,,,,,,,,,,,,,,,,,,,,,,,,,,,,,,-,-,10,-,-,10,-,-,10,,,,,,,29,29,30,-,-,9,-,-,9,-,-,9,,,,,,,28,28,27
0,0,20,27,51.0,79.0,23,33,0,1,0.0,50.0,0,0,0,0,34,95,Waldo Cortes-Acosta,Marcos Rogerio de Lima,0.0,0.0,19.0,15.0,51.0,78.0,22.0,26.0,0.0,2.0,,50.0,0.0,0.0,0.0,0.0,0.0,180.0,0.0,0.0,43.0,17.0,58.0,73.0,43.0,17.0,0.0,0.0,,0.0,0.0,0.0,0.0,0.0,0.0,26.0,20,27,7,7,10,5,3,15,17,26,3,0,0,1,19.0,15.0,13.0,6.0,4.0,2.0,2.0,7.0,19.0,13.0,0.0,2.0,0.0,0.0,43.0,17.0,34.0,7.0,4.0,4.0,5.0,6.0,43.0,17.0,0.0,0.0,0.0,0.0,1,U-DEC,,,,,,,,,,,,,,,,,,,,,,,,,,,,,,,,,,,,,,,,,,,,,,,,,,,,,,,,,,,,,,,,,9,9,9,9,9,9,10,10,10,,,,,,,28,28,28,10,10,10,10,10,10,9,9,9,,,,,,,29,29,29
0,0,29,12,72.0,42.0,30,12,0,1,,25.0,0,0,0,0,8,54,Trey Waters,Josh Quinlan,0.0,0.0,35.0,18.0,44.0,43.0,35.0,18.0,0.0,0.0,,0.0,0.0,0.0,0.0,0.0,0.0,0.0,0.0,0.0,40.0,20.0,47.0,33.0,41.0,20.0,1.0,0.0,50.0,0.0,0.0,0.0,0.0,0.0,19.0,0.0,29,12,23,5,4,0,2,7,27,8,1,2,1,2,35.0,18.0,31.0,7.0,1.0,4.0,3.0,7.0,35.0,18.0,0.0,0.0,0.0,0.0,40.0,20.0,39.0,14.0,1.0,1.0,0.0,5.0,40.0,20.0,0.0,0.0,0.0,0.0,0,U-DEC,,,,,,,,,,,,,,,,,,,,,,,,,,,,,,,,,,,,,,,,,,,,,,,,,,,,,,,,,,,,,,,,,10,10,10,10,10,10,10,10,10,,,,,,,30,30,30,9,9,9,9,9,9,9,9,9,,,,,,,27,27,27
0,0,45,27,45.0,52.0,48,30,0,0,,,0,0,0,0,57,20,Jake Collier,Martin Buday,0.0,0.0,27.0,38.0,49.0,58.0,29.0,51.0,0.0,0.0,,,0.0,0.0,0.0,0.0,140.0,8.0,0.0,0.0,22.0,33.0,41.0,54.0,30.0,64.0,0.0,0.0,0.0,,0.0,0.0,0.0,0.0,74.0,77.0,45,27,32,20,7,2,6,5,43,26,0,1,2,0,27.0,38.0,20.0,22.0,6.0,14.0,1.0,2.0,18.0,24.0,9.0,14.0,0.0,0.0,22.0,33.0,11.0,24.0,9.0,8.0,2.0,1.0,16.0,22.0,6.0,4.0,0.0,7.0,1,U-DEC,,,,,,,,,,,,,,,,,,,,,,,,,,,,,,,,,,,,,,,,,,,,,,,,,,,,,,,,,,,,,,,,,10,10,10,9,9,9,9,9,9,,,,,,,28,28,28,9,9,9,10,10,10,10,10,10,,,,,,,29,29,29
0,0,7,13,50.0,68.0,8,28,0,4,,66.0,1,0,0,0,0,215,Charles Johnson,Cody Durden,0.0,0.0,22.0,21.0,55.0,63.0,27.0,26.0,0.0,4.0,,66.0,0.0,0.0,0.0,0.0,5.0,198.0,0.0,0.0,23.0,22.0,48.0,46.0,25.0,26.0,0.0,3.0,,50.0,0.0,0.0,0.0,0.0,3.0,160.0,7,13,3,7,3,1,1,5,6,11,0,0,1,2,22.0,21.0,12.0,16.0,10.0,3.0,0.0,2.0,19.0,15.0,3.0,1.0,0.0,5.0,23.0,22.0,15.0,16.0,6.0,5.0,2.0,1.0,21.0,20.0,2.0,2.0,0.0,0.0,1,U-DEC,,,,,,,,,,,,,,,,,,,,,,,,,,,,,,,,,,,,,,,,,,,,,,,,,,,,,,,,,,,,,,,,,9,9,9,9,9,9,9,9,9,,,,,,,27,27,27,10,10,10,10,10,10,10,10,10,,,,,,,30,30,30
0,0,24,21,82.0,38.0,31,25,0,0,,0.0,0,0,0,0,35,54,Jamey-Lyn Horth,Hailey Cowan,0.0,0.0,28.0,23.0,66.0,43.0,37.0,31.0,0.0,1.0,,50.0,0.0,0.0,0.0,0.0,7.0,133.0,0.0,0.0,24.0,19.0,72.0,45.0,31.0,29.0,0.0,1.0,0.0,20.0,0.0,0.0,0.0,0.0,25.0,103.0,24,21,13,15,7,6,4,0,13,12,11,9,0,0,28.0,23.0,14.0,11.0,11.0,9.0,3.0,3.0,18.0,16.0,10.0,4.0,0.0,3.0,24.0,19.0,10.0,12.0,12.0,6.0,2.0,1.0,15.0,15.0,9.0,3.0,0.0,1.0,0,U-DEC,,,,,,,,,,,,,,,,,,,,,,,,,,,,,,,,,,,,,,,,,,,,,,,,,,,,,,,,,,,,,,,,,10,10,10,9,9,9,10,10,10,,,,,,,29,29,29,9,9,9,10,10,10,9,9,9,,,,,,,28,28,28
